hour_timestamp,flood_avg_depth_cm,flood_avg_severity,flood_avg_duration
2023-04-04T00:00:00.000Z,18.0,39.6,90.0
2023-04-30T22:00:00.000Z,32.0,76.4,180.0
2023-05-27T15:00:00.000Z,18.0,39.6,90.0
2023-05-30T05:00:00.000Z,14.9,28.43,60.0
2023-06-30T12:00:00.000Z,5.6,21.919999999999998,60.0
2023-12-14T07:00:00.000Z,25.2,35.64,60.0
2024-06-15T20:00:00.000Z,8.5,23.95,60.0
2024-07-18T21:00:00.000Z,15.7,37.989999999999995,90.0
2023-02-11T20:00:00.000Z,24.5,44.15,90.0
2023-07-14T12:00:00.000Z,6.8,22.759999999999998,60.0
2023-10-30T12:00:00.000Z,9.4,33.58,90.0
2023-12-23T17:00:00.000Z,20.15,23.104999999999997,30.0
2024-03-14T21:00:00.000Z,15.2,37.64,90.0
2024-04-07T02:00:00.000Z,9.9,33.93,90.0
2023-04-10T20:00:00.000Z,9.0,24.3,60.0
2023-05-28T07:00:00.000Z,13.649999999999999,63.55499999999999,180.0
2023-09-01T07:00:00.000Z,41.2,64.84,120.0
2023-09-18T06:00:00.000Z,26.7,45.69,90.0
2023-10-16T01:00:00.000Z,21.7,51.19,120.0
2023-11-03T21:00:00.000Z,25.6,71.92,180.0
2023-11-28T07:00:00.000Z,11.5,26.049999999999997,60.0
2023-12-09T01:00:00.000Z,8.7,15.09,30.0
2024-01-26T21:00:00.000Z,27.0,36.9,60.0
2024-03-29T23:00:00.000Z,23.8,25.66,30.0
2024-05-04T13:00:00.000Z,19.4,31.58,60.0
2023-03-20T10:00:00.000Z,51.6,90.12,180.0
2023-04-05T15:00:00.000Z,23.8,34.66,60.0
2023-05-16T17:00:00.000Z,10.0,25.0,60.0
2023-07-13T02:00:00.000Z,30.4,30.279999999999998,30.0
2023-08-28T22:00:00.000Z,13.0,18.1,30.0
2023-10-28T10:00:00.000Z,49.5,52.65,60.0
2024-01-30T16:00:00.000Z,5.6,21.919999999999998,60.0
2024-02-26T07:00:00.000Z,6.9,22.83,60.0
2024-04-12T23:00:00.000Z,39.6,36.72,30.0
2023-10-13T05:00:00.000Z,21.0,32.7,60.0
2024-01-01T11:00:00.000Z,29.2,33.94,45.0
2024-04-29T13:00:00.000Z,40.6,55.42,90.0
2024-07-16T12:00:00.000Z,23.1,34.17,60.0
2024-08-15T01:00:00.000Z,13.7,81.59,240.0
2023-01-08T08:00:00.000Z,24.15,30.404999999999998,45.0
2023-06-27T04:00:00.000Z,12.4,44.68,120.0
2023-11-05T22:00:00.000Z,23.1,43.17,90.0
2024-01-06T07:00:00.000Z,20.5,32.35,60.0
2024-02-15T11:00:00.000Z,6.6,13.62,30.0
2024-02-16T12:00:00.000Z,5.0,12.5,30.0
2024-03-05T04:00:00.000Z,10.6,16.419999999999998,30.0
2024-06-26T07:00:00.000Z,39.8,99.86,240.0
2024-07-22T23:00:00.000Z,20.0,41.0,90.0
2023-03-11T11:00:00.000Z,11.5,17.049999999999997,30.0
2023-03-25T09:00:00.000Z,15.7,19.99,30.0
2023-07-17T03:00:00.000Z,9.7,60.79,180.0
2023-08-13T12:00:00.000Z,8.7,33.089999999999996,90.0
2023-10-12T04:00:00.000Z,30.0,39.0,60.0
2023-11-10T09:00:00.000Z,25.1,26.57,30.0
2024-01-03T05:00:00.000Z,10.9,16.63,30.0
2024-03-17T01:00:00.000Z,14.6,19.22,30.0
2024-08-21T09:00:00.000Z,9.0,15.3,30.0
2023-01-03T18:00:00.000Z,11.7,62.19,180.0
2023-01-19T18:00:00.000Z,23.0,43.099999999999994,90.0
2023-01-28T15:00:00.000Z,14.6,19.22,30.0
2023-06-08T17:00:00.000Z,24.9,26.429999999999996,30.0
2023-04-13T10:00:00.000Z,15.2,19.64,30.0
2023-05-10T04:00:00.000Z,5.8,40.06,120.0
2023-07-25T03:00:00.000Z,13.2,36.239999999999995,90.0
2023-08-20T13:00:00.000Z,21.9,33.33,60.0
2023-09-03T05:00:00.000Z,8.1,14.669999999999998,30.0
2023-12-23T11:00:00.000Z,29.4,47.58,90.0
2024-08-20T11:00:00.000Z,48.6,61.019999999999996,90.0
2023-01-01T19:00:00.000Z,21.3,50.91,120.0
2023-05-02T21:00:00.000Z,18.2,30.74,60.0
2023-06-30T18:00:00.000Z,6.8,22.759999999999998,60.0
2023-08-05T21:00:00.000Z,16.1,20.27,30.0
2023-08-31T12:00:00.000Z,14.1,36.87,90.0
2023-09-22T22:00:00.000Z,30.6,48.42,90.0
2023-10-01T14:00:00.000Z,8.1,32.67,90.0
2024-07-25T19:00:00.000Z,31.1,39.769999999999996,60.0
2024-08-11T01:00:00.000Z,48.5,51.949999999999996,60.0
2024-08-24T13:00:00.000Z,16.3,20.41,30.0
2023-01-03T22:00:00.000Z,16.7,29.689999999999998,60.0
2023-03-23T10:00:00.000Z,8.6,42.019999999999996,120.0
2023-04-22T09:00:00.000Z,39.2,45.44,60.0
2023-05-05T23:00:00.000Z,20.6,32.42,60.0
2024-03-02T18:00:00.000Z,14.0,18.799999999999997,30.0
2024-04-02T03:00:00.000Z,21.6,33.12,60.0
2024-04-10T23:00:00.000Z,10.0,16.0,30.0
2024-04-18T08:00:00.000Z,20.25,27.674999999999997,45.0
2024-05-25T00:00:00.000Z,6.3,22.41,60.0
2023-01-10T05:00:00.000Z,29.9,74.92999999999999,180.0
2023-07-06T17:00:00.000Z,6.5,31.55,90.0
2023-10-18T05:00:00.000Z,9.1,24.369999999999997,60.0
2024-03-18T13:00:00.000Z,11.7,35.19,90.0
2024-03-19T10:00:00.000Z,5.0,21.5,60.0
2024-08-24T16:00:00.000Z,16.4,83.48,240.0
2023-01-06T12:00:00.000Z,19.7,40.79,90.0
2023-01-08T05:00:00.000Z,49.6,52.72,60.0
2023-03-01T16:00:00.000Z,41.5,65.05,120.0
2023-04-22T03:00:00.000Z,29.3,47.51,90.0
2023-12-01T22:00:00.000Z,18.3,84.81,240.0
2024-01-07T04:00:00.000Z,16.7,29.689999999999998,60.0
2024-03-09T22:00:00.000Z,61.6,70.12,90.0
2023-10-02T23:00:00.000Z,20.4,68.28,180.0
2024-03-21T02:00:00.000Z,28.4,28.88,30.0
2024-04-21T16:00:00.000Z,5.5,57.85,180.0
2023-03-27T08:00:00.000Z,5.0,12.5,30.0
2023-03-05T13:00:00.000Z,5.0,12.5,30.0
2023-04-26T05:00:00.000Z,25.8,27.06,30.0
2023-06-27T07:00:00.000Z,13.2,36.239999999999995,90.0
2024-01-18T16:00:00.000Z,10.2,25.14,60.0
2024-05-14T02:00:00.000Z,11.7,26.189999999999998,60.0
2024-08-11T02:00:00.000Z,18.6,40.019999999999996,90.0
2023-03-14T14:00:00.000Z,39.3,54.51,90.0
2023-09-21T03:00:00.000Z,26.6,72.62,180.0
2023-10-17T11:00:00.000Z,10.6,16.419999999999998,30.0
2024-03-16T11:00:00.000Z,16.6,20.62,30.0
2023-02-02T17:00:00.000Z,20.8,23.56,30.0
2023-03-15T11:00:00.000Z,59.5,95.65,180.0
2023-05-25T23:00:00.000Z,16.8,65.76,180.0
2023-07-11T12:00:00.000Z,24.1,43.870000000000005,90.0
2023-10-01T09:00:00.000Z,6.3,22.41,60.0
2024-01-30T03:00:00.000Z,18.2,30.74,60.0
2024-03-03T06:00:00.000Z,8.2,14.739999999999998,30.0
2024-06-30T11:00:00.000Z,24.1,34.870000000000005,60.0
2024-08-26T09:00:00.000Z,11.1,43.769999999999996,120.0
2024-08-27T07:00:00.000Z,15.3,64.71,180.0
2023-01-03T03:00:00.000Z,14.2,36.94,90.0
2023-02-08T06:00:00.000Z,10.2,16.14,30.0
2023-05-31T23:00:00.000Z,11.7,44.19,120.0
2023-07-17T05:00:00.000Z,16.0,38.2,90.0
2023-09-26T17:00:00.000Z,12.45,53.715,150.0
2023-10-19T16:00:00.000Z,15.3,28.71,60.0
2024-02-26T14:00:00.000Z,16.2,83.34,240.0
2024-03-02T19:00:00.000Z,10.8,25.56,60.0
2024-06-27T02:00:00.000Z,16.4,20.479999999999997,30.0
2024-08-29T20:00:00.000Z,6.4,40.48,120.0
2023-04-03T21:00:00.000Z,19.8,31.86,60.0
2023-05-05T18:00:00.000Z,11.1,79.77,240.0
2023-06-01T11:00:00.000Z,6.2,22.34,60.0
2023-08-08T13:00:00.000Z,18.1,35.17,75.0
2023-08-12T12:00:00.000Z,10.8,25.56,60.0
2024-05-02T08:00:00.000Z,7.0,18.4,45.0
2023-02-15T10:00:00.000Z,29.2,38.44,60.0
2023-04-10T14:00:00.000Z,11.4,25.98,60.0
2023-04-17T20:00:00.000Z,12.0,26.4,60.0
2023-05-14T09:00:00.000Z,24.7,35.29,60.0
2023-05-26T04:00:00.000Z,13.1,36.17,90.0
2023-10-18T23:00:00.000Z,13.9,36.730000000000004,90.0
2023-11-19T13:00:00.000Z,6.4,40.48,120.0
2023-11-29T01:00:00.000Z,16.0,47.2,120.0
2024-01-14T21:00:00.000Z,25.6,31.42,45.0
2024-05-04T04:00:00.000Z,13.9,18.73,30.0
2024-06-06T13:00:00.000Z,5.1,21.57,60.0
2023-01-05T17:00:00.000Z,10.8,34.56,90.0
2023-08-06T13:00:00.000Z,16.0,38.2,90.0
2023-07-18T17:00:00.000Z,5.0,12.5,30.0
2023-07-20T16:00:00.000Z,16.6,38.620000000000005,90.0
2023-09-10T23:00:00.000Z,23.6,34.519999999999996,60.0
2023-11-12T10:00:00.000Z,5.0,12.5,30.0
2023-11-13T16:00:00.000Z,7.05,31.935,90.0
2024-08-30T04:00:00.000Z,25.5,71.85,180.0
2023-01-06T00:00:00.000Z,15.2,64.64,180.0
2023-05-28T13:00:00.000Z,14.0,36.8,90.0
2023-06-05T04:00:00.000Z,5.7,21.99,60.0
2023-07-03T10:00:00.000Z,11.9,26.33,60.0
2023-09-21T20:00:00.000Z,5.5,30.85,90.0
2023-10-20T09:00:00.000Z,5.7,30.99,90.0
2024-03-10T13:00:00.000Z,11.7,17.189999999999998,30.0
2024-05-17T14:00:00.000Z,24.5,44.15,90.0
2024-05-31T11:00:00.000Z,6.9,31.83,90.0
2023-03-14T00:00:00.000Z,79.0,109.3,180.0
2023-04-14T23:00:00.000Z,9.2,33.44,90.0
2023-06-01T15:00:00.000Z,21.0,68.7,180.0
2023-08-04T15:00:00.000Z,19.6,40.72,90.0
2023-11-23T20:00:00.000Z,6.4,22.48,60.0
2024-02-23T03:00:00.000Z,10.9,25.63,60.0
2023-01-04T04:00:00.000Z,30.5,30.349999999999998,30.0
2023-10-05T19:00:00.000Z,18.7,31.09,60.0
2023-05-26T09:00:00.000Z,18.2,66.74,180.0
2023-06-22T02:00:00.000Z,9.1,24.369999999999997,60.0
2023-12-03T00:00:00.000Z,15.7,37.989999999999995,90.0
2023-12-27T07:00:00.000Z,20.4,23.279999999999998,30.0
2024-02-10T04:00:00.000Z,14.3,19.009999999999998,30.0
2024-05-28T04:00:00.000Z,5.8,13.059999999999999,30.0
2024-07-09T09:00:00.000Z,5.0,30.5,90.0
2024-07-20T15:00:00.000Z,20.2,32.14,60.0
2023-02-09T23:00:00.000Z,14.3,37.01,90.0
2023-04-12T06:00:00.000Z,5.1,57.57,180.0
2023-09-26T09:00:00.000Z,29.3,38.51,60.0
2023-12-29T19:00:00.000Z,8.8,15.16,30.0
2024-07-02T21:00:00.000Z,6.2,22.34,60.0
2023-04-03T15:00:00.000Z,5.7,30.99,90.0
2023-04-15T20:00:00.000Z,29.9,38.92999999999999,60.0
2023-06-03T06:00:00.000Z,5.0,21.5,60.0
2023-02-17T18:00:00.000Z,23.2,52.239999999999995,120.0
2023-09-13T23:00:00.000Z,20.9,68.63,180.0
2023-09-17T02:00:00.000Z,13.7,18.589999999999996,30.0
2023-12-06T11:00:00.000Z,5.0,12.5,30.0
2024-01-08T18:00:00.000Z,28.7,56.09,120.0
2024-02-10T11:00:00.000Z,16.8,38.76,90.0
2024-06-04T09:00:00.000Z,26.2,27.34,30.0
2024-07-22T11:00:00.000Z,8.3,14.81,30.0
2023-02-19T05:00:00.000Z,16.0,20.2,30.0
2023-05-02T18:00:00.000Z,6.7,22.689999999999998,60.0
2023-05-04T15:00:00.000Z,6.2,58.34,180.0
2023-09-17T23:00:00.000Z,25.0,26.5,30.0
2023-11-10T04:00:00.000Z,14.9,82.43,240.0
2023-12-07T05:00:00.000Z,5.0,12.5,30.0
2024-03-17T03:00:00.000Z,9.3,15.51,30.0
2024-06-09T03:00:00.000Z,6.6,76.62,240.0
2024-07-14T13:00:00.000Z,29.8,29.86,30.0
2023-03-06T00:00:00.000Z,13.1,27.17,60.0
2023-03-18T14:00:00.000Z,6.4,40.48,120.0
2023-05-12T06:00:00.000Z,10.4,25.28,60.0
2023-09-18T23:00:00.000Z,25.6,35.92,60.0
2023-12-09T03:00:00.000Z,26.7,45.69,90.0
2023-12-13T18:00:00.000Z,51.0,53.699999999999996,60.0
2024-01-20T16:00:00.000Z,10.6,34.42,90.0
2024-01-27T13:00:00.000Z,11.8,35.26,90.0
2024-02-04T22:00:00.000Z,8.5,23.95,60.0
2024-03-17T15:00:00.000Z,25.3,35.71,60.0
2024-05-12T23:00:00.000Z,18.450000000000003,57.915000000000006,150.0
2024-05-24T22:00:00.000Z,22.55,78.785,210.0
2024-06-07T06:00:00.000Z,18.3,48.81,120.0
2023-02-10T22:00:00.000Z,24.7,35.29,60.0
2023-06-01T21:00:00.000Z,10.9,34.63,90.0
2023-08-14T14:00:00.000Z,8.3,41.81,120.0
2023-08-29T23:00:00.000Z,26.1,54.269999999999996,120.0
2024-01-01T06:00:00.000Z,5.2,39.64,120.0
2024-01-06T04:00:00.000Z,23.6,52.519999999999996,120.0
2024-05-03T03:00:00.000Z,11.5,26.049999999999997,60.0
2024-07-29T17:00:00.000Z,8.3,77.81,240.0
2023-02-08T05:00:00.000Z,5.9,22.13,60.0
2023-07-08T02:00:00.000Z,39.2,45.44,60.0
2023-09-13T11:00:00.000Z,5.0,57.5,180.0
2023-10-30T16:00:00.000Z,8.2,59.74,180.0
2023-11-05T19:00:00.000Z,21.96666666666667,48.376666666666665,110.0
2023-12-30T07:00:00.000Z,15.4,64.78,180.0
2024-08-22T03:00:00.000Z,16.6,83.62,240.0
2024-08-27T22:00:00.000Z,11.8,17.259999999999998,30.0
2024-08-30T22:00:00.000Z,30.6,48.42,90.0
2023-03-07T21:00:00.000Z,5.3,21.71,60.0
2023-05-13T23:00:00.000Z,5.7,12.99,30.0
2023-05-14T13:00:00.000Z,16.0,20.2,30.0
2023-06-07T12:00:00.000Z,9.3,15.51,30.0
2023-06-18T10:00:00.000Z,5.3,30.71,90.0
2023-09-14T19:00:00.000Z,11.4,25.98,60.0
2023-10-16T13:00:00.000Z,10.3,34.21,90.0
2023-10-21T11:00:00.000Z,18.1,44.169999999999995,105.0
2024-02-11T20:00:00.000Z,8.7,15.09,30.0
2024-04-23T13:00:00.000Z,11.5,26.049999999999997,60.0
2024-06-20T19:00:00.000Z,79.6,82.72,90.0
2024-06-29T18:00:00.000Z,6.5,40.55,120.0
2023-01-06T21:00:00.000Z,9.3,24.509999999999998,60.0
2023-02-09T15:00:00.000Z,43.35,48.345,60.0
2023-07-20T11:00:00.000Z,15.3,28.71,60.0
2023-09-26T08:00:00.000Z,18.5,48.95,120.0
2023-12-29T08:00:00.000Z,8.2,41.74,120.0
2024-01-13T10:00:00.000Z,23.7,88.59,240.0
2024-04-07T23:00:00.000Z,10.1,16.07,30.0
2024-05-05T21:00:00.000Z,15.2,28.64,60.0
2024-05-16T13:00:00.000Z,14.1,45.87,120.0
2024-06-10T01:00:00.000Z,19.0,22.299999999999997,30.0
2024-08-02T03:00:00.000Z,5.8,22.06,60.0
2023-07-31T00:00:00.000Z,5.0,57.5,180.0
2023-09-19T00:00:00.000Z,15.8,38.06,90.0
2023-10-25T09:00:00.000Z,8.7,24.09,60.0
2024-02-09T16:00:00.000Z,5.0,30.5,90.0
2024-05-11T03:00:00.000Z,5.9,13.129999999999999,30.0
2024-05-17T00:00:00.000Z,11.0,25.7,60.0
2024-05-26T07:00:00.000Z,23.2,34.239999999999995,60.0
2024-06-04T01:00:00.000Z,10.0,34.0,90.0
2024-08-26T14:00:00.000Z,23.9,43.73,90.0
2023-01-02T21:00:00.000Z,18.7,31.089999999999996,60.0
2023-02-09T14:00:00.000Z,18.3,30.810000000000002,60.0
2023-04-19T20:00:00.000Z,5.7,12.99,30.0
2023-06-29T10:00:00.000Z,16.3,38.41,90.0
2023-09-20T12:00:00.000Z,26.4,36.48,60.0
2023-12-31T00:00:00.000Z,20.4,32.28,60.0
2024-04-08T16:00:00.000Z,11.75,35.224999999999994,90.0
2024-08-29T15:00:00.000Z,16.85,29.794999999999998,60.0
2023-03-08T21:00:00.000Z,14.4,46.08,120.0
2023-04-26T20:00:00.000Z,9.9,33.93,90.0
2023-05-08T04:00:00.000Z,13.4,18.38,30.0
2023-05-16T00:00:00.000Z,16.4,29.479999999999997,60.0
2023-07-19T02:00:00.000Z,10.75,34.525,90.0
2024-01-15T20:00:00.000Z,29.9,47.92999999999999,90.0
2024-08-08T23:00:00.000Z,11.5,17.049999999999997,30.0
2024-08-17T17:00:00.000Z,6.2,13.34,30.0
2023-02-28T11:00:00.000Z,19.3,31.509999999999998,60.0
2023-04-06T06:00:00.000Z,14.5,28.15,60.0
2023-04-21T01:00:00.000Z,10.8,25.56,60.0
2023-05-06T09:00:00.000Z,26.3,36.41,60.0
2023-05-29T23:00:00.000Z,23.7,43.59,90.0
2023-08-20T08:00:00.000Z,17.45,39.214999999999996,90.0
2023-09-15T15:00:00.000Z,16.3,38.41,90.0
2023-10-10T10:00:00.000Z,6.1,31.27,90.0
2024-01-01T08:00:00.000Z,28.3,46.81,90.0
2024-01-07T03:00:00.000Z,19.6,22.72,30.0
2024-01-21T21:00:00.000Z,8.5,77.95,240.0
2024-01-28T04:00:00.000Z,38.3,80.81,180.0
2024-02-20T09:00:00.000Z,5.9,31.13,90.0
2024-04-24T04:00:00.000Z,38.4,53.879999999999995,90.0
2023-06-18T07:00:00.000Z,23.4,43.379999999999995,90.0
2023-03-03T14:00:00.000Z,23.4,43.379999999999995,90.0
2023-04-23T10:00:00.000Z,14.5,64.15,180.0
2023-05-21T06:00:00.000Z,5.2,21.64,60.0
2023-08-19T15:00:00.000Z,25.0,35.5,60.0
2023-09-27T09:00:00.000Z,24.2,34.94,60.0
2023-11-11T09:00:00.000Z,14.7,28.29,60.0
2023-11-21T13:00:00.000Z,8.4,32.88,90.0
2024-03-11T21:00:00.000Z,7.75,32.425,90.0
2024-08-22T16:00:00.000Z,21.6,42.12,90.0
2023-01-19T22:00:00.000Z,41.5,38.05,30.0
2023-02-27T07:00:00.000Z,51.8,90.25999999999999,180.0
2023-04-05T04:00:00.000Z,17.26666666666667,27.086666666666662,50.0
2023-07-14T23:00:00.000Z,38.4,98.88,240.0
2023-08-12T15:00:00.000Z,25.1,26.57,30.0
2023-08-29T19:00:00.000Z,11.8,17.259999999999998,30.0
2024-01-29T15:00:00.000Z,5.0,39.5,120.0
2024-04-02T21:00:00.000Z,21.6,33.12,60.0
2024-07-31T08:00:00.000Z,23.8,25.66,30.0
2024-08-17T02:00:00.000Z,9.8,24.86,60.0
2023-05-06T12:00:00.000Z,19.1,22.37,30.0
2023-06-30T03:00:00.000Z,14.3,46.01,120.0
2023-08-09T21:00:00.000Z,9.0,24.3,60.0
2023-09-17T19:00:00.000Z,18.9,31.229999999999997,60.0
2024-01-01T20:00:00.000Z,29.6,74.72,180.0
2024-02-29T13:00:00.000Z,5.0,30.5,90.0
2024-05-28T09:00:00.000Z,5.3,12.709999999999999,30.0
2023-04-08T12:00:00.000Z,10.8,43.56,120.0
2023-07-01T18:00:00.000Z,25.8,27.06,30.0
2024-06-05T15:00:00.000Z,20.1,32.07,60.0
2023-01-09T09:00:00.000Z,15.2,46.64,120.0
2023-05-22T00:00:00.000Z,10.2,16.14,30.0
2023-07-03T22:00:00.000Z,38.9,45.23,60.0
2023-08-23T10:00:00.000Z,19.1,22.37,30.0
2023-09-27T04:00:00.000Z,5.0,21.5,60.0
2023-11-22T08:00:00.000Z,13.4,36.379999999999995,90.0
2024-01-15T08:00:00.000Z,26.2,45.34,90.0
2024-07-26T04:00:00.000Z,48.7,70.09,120.0
2024-08-30T11:00:00.000Z,25.4,53.78,120.0
2023-08-02T16:00:00.000Z,38.9,81.22999999999999,180.0
2023-04-08T07:00:00.000Z,9.5,42.65,120.0
2023-08-28T17:00:00.000Z,25.0,35.5,60.0
2023-09-09T01:00:00.000Z,10.8,34.56,90.0
2023-09-23T00:00:00.000Z,23.7,39.089999999999996,75.0
2023-09-26T00:00:00.000Z,23.7,34.59,60.0
2024-01-06T03:00:00.000Z,6.5,13.55,30.0
2024-03-14T01:00:00.000Z,20.1,41.07,90.0
2024-04-04T10:00:00.000Z,13.3,27.310000000000002,60.0
2024-08-07T15:00:00.000Z,6.3,31.41,90.0
2023-01-06T22:00:00.000Z,8.1,14.669999999999998,30.0
2023-06-21T01:00:00.000Z,5.0,12.5,30.0
2023-05-31T21:00:00.000Z,9.3,24.509999999999998,60.0
2023-06-09T20:00:00.000Z,39.0,36.3,30.0
2023-06-25T17:00:00.000Z,50.3,53.209999999999994,60.0
2023-10-02T13:00:00.000Z,38.3,35.809999999999995,30.0
2023-10-18T04:00:00.000Z,26.2,54.34,120.0
2024-01-01T01:00:00.000Z,14.6,37.22,90.0
2024-04-07T10:00:00.000Z,21.5,42.05,90.0
2024-08-09T14:00:00.000Z,21.8,69.26,180.0
2023-03-18T10:00:00.000Z,23.2,43.239999999999995,90.0
2023-06-05T07:00:00.000Z,5.0,21.5,60.0
2023-05-10T05:00:00.000Z,9.8,15.86,30.0
2023-07-27T13:00:00.000Z,31.7,31.189999999999998,30.0
2023-08-02T15:00:00.000Z,40.0,37.0,30.0
2023-12-21T15:00:00.000Z,29.8,29.86,30.0
2024-01-11T04:00:00.000Z,8.3,32.81,90.0
2024-01-29T17:00:00.000Z,9.6,24.72,60.0
2024-02-21T20:00:00.000Z,8.7,24.09,60.0
2024-06-30T04:00:00.000Z,26.0,72.2,180.0
2024-07-28T11:00:00.000Z,18.3,39.81,90.0
2023-08-17T07:00:00.000Z,14.4,19.08,30.0
2024-01-16T11:00:00.000Z,14.3,46.01,120.0
2024-02-24T12:00:00.000Z,16.3,47.41,120.0
2023-06-10T07:00:00.000Z,80.1,92.07,120.0
2023-06-16T13:00:00.000Z,5.0,21.5,60.0
2023-08-15T20:00:00.000Z,10.5,34.35,90.0
2024-04-08T20:00:00.000Z,13.6,81.52,240.0
2024-04-13T12:00:00.000Z,16.6,38.620000000000005,90.0
2024-05-17T02:00:00.000Z,5.0,39.5,120.0
2024-05-31T17:00:00.000Z,25.2,26.639999999999997,30.0
2023-01-26T07:00:00.000Z,5.0,39.5,120.0
2023-02-16T13:00:00.000Z,9.2,24.439999999999998,60.0
2023-07-26T18:00:00.000Z,26.8,36.76,60.0
2023-08-26T23:00:00.000Z,18.9,49.23,120.0
2024-01-05T15:00:00.000Z,5.0,12.5,30.0
2024-02-04T13:00:00.000Z,29.0,47.3,90.0
2024-03-31T19:00:00.000Z,18.5,21.95,30.0
2024-05-01T19:00:00.000Z,8.6,15.02,30.0
2024-05-08T08:00:00.000Z,15.3,82.71,240.0
2024-06-05T23:00:00.000Z,24.1,43.870000000000005,90.0
2024-07-16T13:00:00.000Z,5.2,30.64,90.0
2023-01-12T14:00:00.000Z,14.6,37.22,90.0
2023-07-18T19:00:00.000Z,14.9,28.43,60.0
2023-08-14T15:00:00.000Z,5.0,57.5,180.0
2023-10-17T04:00:00.000Z,5.0,21.5,60.0
2023-11-03T18:00:00.000Z,15.9,29.13,60.0
2023-11-19T10:00:00.000Z,20.3,32.21,60.0
2024-01-22T10:00:00.000Z,13.6,27.52,60.0
2024-03-01T21:00:00.000Z,25.7,44.989999999999995,90.0
2024-06-18T07:00:00.000Z,31.1,39.769999999999996,60.0
2024-07-06T08:00:00.000Z,38.0,44.599999999999994,60.0
2024-08-23T01:00:00.000Z,19.2,31.439999999999998,60.0
2023-01-29T11:00:00.000Z,8.8,42.16,120.0
2023-03-07T05:00:00.000Z,15.6,28.92,60.0
2023-06-16T00:00:00.000Z,10.8,34.56,90.0
2023-09-20T16:00:00.000Z,14.5,82.15,240.0
2024-01-07T18:00:00.000Z,19.6,31.72,60.0
2024-02-26T02:00:00.000Z,21.0,50.7,120.0
2024-05-27T17:00:00.000Z,12.5,31.25,75.0
2023-05-10T03:00:00.000Z,9.9,24.93,60.0
2023-07-28T12:00:00.000Z,38.5,35.95,30.0
2023-10-25T16:00:00.000Z,23.4,52.379999999999995,120.0
2023-12-15T21:00:00.000Z,5.0,57.5,180.0
2024-01-21T22:00:00.000Z,23.6,52.519999999999996,120.0
2024-07-14T16:00:00.000Z,29.8,47.86,90.0
2023-01-22T12:00:00.000Z,5.5,12.85,30.0
2023-03-12T22:00:00.000Z,11.2,16.84,30.0
2023-08-15T03:00:00.000Z,17.15,48.005,120.0
2023-11-19T20:00:00.000Z,24.8,26.36,30.0
2024-02-21T22:00:00.000Z,16.8,29.759999999999998,60.0
2024-03-21T20:00:00.000Z,14.1,27.869999999999997,60.0
2024-07-04T07:00:00.000Z,18.0,30.6,60.0
2024-08-03T05:00:00.000Z,5.1,12.57,30.0
2023-01-24T16:00:00.000Z,11.7,26.189999999999998,60.0
2023-01-27T10:00:00.000Z,5.8,13.059999999999999,30.0
2023-03-25T18:00:00.000Z,24.8,35.36,60.0
2023-06-18T18:00:00.000Z,8.2,41.74,120.0
2023-12-02T08:00:00.000Z,10.8,16.56,30.0
2024-01-02T23:00:00.000Z,13.7,27.589999999999996,60.0
2024-01-11T09:00:00.000Z,31.1,57.769999999999996,120.0
2024-01-16T14:00:00.000Z,15.2,28.64,60.0
2024-06-29T14:00:00.000Z,24.3,26.009999999999998,30.0
2024-08-10T23:00:00.000Z,15.7,37.989999999999995,90.0
2023-06-05T13:00:00.000Z,19.5,40.65,90.0
2023-07-12T17:00:00.000Z,38.5,53.95,90.0
2023-09-28T20:00:00.000Z,26.9,36.83,60.0
2023-12-16T11:00:00.000Z,20.9,41.629999999999995,90.0
2023-12-26T12:00:00.000Z,9.5,33.65,90.0
2024-03-15T13:00:00.000Z,41.2,46.84,60.0
2024-06-03T18:00:00.000Z,6.3,31.41,90.0
2024-07-17T08:00:00.000Z,49.9,43.93,30.0
2023-07-12T04:00:00.000Z,9.3,42.51,120.0
2023-07-31T16:00:00.000Z,18.9,85.23,240.0
2023-09-12T06:00:00.000Z,20.7,23.49,30.0
2023-12-01T20:00:00.000Z,9.8,15.86,30.0
2024-02-06T05:00:00.000Z,6.8,22.759999999999998,60.0
2024-02-28T04:00:00.000Z,6.2,31.34,90.0
2024-03-23T02:00:00.000Z,5.0,21.5,60.0
2024-06-26T13:00:00.000Z,19.3,40.51,90.0
2023-03-29T00:00:00.000Z,18.6,67.02,180.0
2023-05-28T17:00:00.000Z,52.0,45.4,30.0
2023-07-13T08:00:00.000Z,15.7,19.99,30.0
2023-03-31T07:00:00.000Z,24.4,26.08,30.0
2023-05-09T00:00:00.000Z,9.2,60.44,180.0
2023-07-10T04:00:00.000Z,21.5,33.05,60.0
2023-08-12T01:00:00.000Z,15.6,19.92,30.0
2023-08-30T08:00:00.000Z,25.9,27.13,30.0
2024-08-24T00:00:00.000Z,5.0,57.5,180.0
2023-02-15T04:00:00.000Z,24.0,43.8,90.0
2023-02-27T03:00:00.000Z,11.4,34.98,90.0
2023-03-10T13:00:00.000Z,25.2,35.64,60.0
2023-12-08T08:00:00.000Z,24.6,44.22,90.0
2023-12-25T12:00:00.000Z,16.6,20.62,30.0
2024-01-30T20:00:00.000Z,20.7,50.489999999999995,120.0
2024-02-08T23:00:00.000Z,14.3,46.01,120.0
2024-02-22T15:00:00.000Z,20.9,41.629999999999995,90.0
2024-03-23T20:00:00.000Z,5.0,75.5,240.0
2024-04-21T08:00:00.000Z,28.2,73.74,180.0
2024-07-26T00:00:00.000Z,9.3,60.51,180.0
2024-07-26T17:00:00.000Z,6.6,13.62,30.0
2023-01-04T07:00:00.000Z,6.4,13.48,30.0
2023-03-15T22:00:00.000Z,16.9,38.83,90.0
2023-11-18T13:00:00.000Z,14.8,28.36,60.0
2023-11-23T15:00:00.000Z,60.7,51.49,30.0
2023-12-09T07:00:00.000Z,16.9,20.83,30.0
2024-02-06T04:00:00.000Z,16.5,29.549999999999997,60.0
2024-06-14T00:00:00.000Z,9.35,29.044999999999998,75.0
2023-01-06T18:00:00.000Z,26.0,27.2,30.0
2023-05-13T04:00:00.000Z,14.0,23.299999999999997,45.0
2023-06-14T21:00:00.000Z,11.7,35.19,90.0
2023-07-27T18:00:00.000Z,15.7,46.989999999999995,120.0
2023-09-10T05:00:00.000Z,5.3,75.71,240.0
2023-09-22T06:00:00.000Z,9.3,15.51,30.0
2023-12-20T01:00:00.000Z,14.1,45.87,120.0
2024-04-25T22:00:00.000Z,11.2,43.839999999999996,120.0
2024-04-27T15:00:00.000Z,31.1,30.77,30.0
2024-05-07T12:00:00.000Z,14.8,37.36,90.0
2024-02-14T15:00:00.000Z,11.2,34.839999999999996,90.0
2024-02-17T05:00:00.000Z,40.0,82.0,180.0
2024-04-26T00:00:00.000Z,30.4,30.279999999999998,30.0
2024-06-04T07:00:00.000Z,10.9,79.63,240.0
2024-08-18T19:00:00.000Z,24.3,35.01,60.0
2024-08-30T09:00:00.000Z,20.4,50.28,120.0
2023-07-18T07:00:00.000Z,24.4,71.08,180.0
2023-08-16T06:00:00.000Z,21.7,33.19,60.0
2023-12-31T02:00:00.000Z,51.0,62.699999999999996,90.0
2024-01-12T06:00:00.000Z,58.9,50.23,30.0
2024-01-29T01:00:00.000Z,16.2,29.339999999999996,60.0
2024-03-23T16:00:00.000Z,14.6,19.22,30.0
2024-04-02T04:00:00.000Z,41.7,47.19,60.0
2024-05-30T05:00:00.000Z,81.9,75.33,60.0
2024-06-07T01:00:00.000Z,9.1,78.37,240.0
2024-06-10T16:00:00.000Z,15.8,38.06,90.0
2024-08-03T01:00:00.000Z,20.1,41.07,90.0
2023-02-01T21:00:00.000Z,10.0,16.0,30.0
2023-09-05T04:00:00.000Z,15.6,19.92,30.0
2023-06-17T15:00:00.000Z,30.9,57.629999999999995,120.0
2023-08-29T03:00:00.000Z,24.0,52.8,120.0
2023-10-26T04:00:00.000Z,23.9,34.73,60.0
2023-11-23T06:00:00.000Z,40.6,46.42,60.0
2024-01-22T02:00:00.000Z,9.7,78.78999999999999,240.0
2024-04-12T19:00:00.000Z,29.6,56.72,120.0
2024-06-04T14:00:00.000Z,5.4,30.78,90.0
2024-07-14T05:00:00.000Z,6.7,58.69,180.0
2023-07-21T16:00:00.000Z,9.7,15.79,30.0
2023-07-27T02:00:00.000Z,5.0,30.5,90.0
2023-07-27T09:00:00.000Z,23.8,43.66,90.0
2023-12-10T20:00:00.000Z,5.0,12.5,30.0
2024-01-13T15:00:00.000Z,16.5,29.549999999999997,60.0
2024-05-15T06:00:00.000Z,28.6,47.019999999999996,90.0
2024-06-24T09:00:00.000Z,28.9,38.23,60.0
2024-08-14T09:00:00.000Z,15.4,37.78,90.0
2023-01-19T09:00:00.000Z,24.3,35.01,60.0
2023-08-23T21:00:00.000Z,11.2,16.84,30.0
2023-08-28T18:00:00.000Z,15.1,28.57,60.0
2024-06-26T09:00:00.000Z,11.7,17.189999999999998,30.0
2024-07-06T11:00:00.000Z,20.0,68.0,180.0
2024-07-25T15:00:00.000Z,20.1,32.07,60.0
2024-08-19T23:00:00.000Z,6.0,22.2,60.0
2023-02-19T17:00:00.000Z,9.7,15.79,30.0
2024-01-13T08:00:00.000Z,25.2,89.64,240.0
2024-01-30T22:00:00.000Z,10.1,16.07,30.0
2024-04-17T01:00:00.000Z,14.8,28.36,60.0
2024-04-19T16:00:00.000Z,13.7,27.589999999999996,60.0
2024-07-07T13:00:00.000Z,13.3,45.31,120.0
2024-08-13T21:00:00.000Z,14.1,27.869999999999997,60.0
2023-01-13T07:00:00.000Z,8.8,42.16,120.0
2023-04-18T01:00:00.000Z,13.6,63.519999999999996,180.0
2023-07-02T04:00:00.000Z,23.1,25.17,30.0
2023-07-19T03:00:00.000Z,39.4,63.58,120.0
2023-03-25T13:00:00.000Z,15.6,19.92,30.0
2023-09-03T18:00:00.000Z,20.2,23.14,30.0
2023-09-15T01:00:00.000Z,19.6,40.72,90.0
2023-11-22T01:00:00.000Z,6.0,22.2,60.0
2024-04-07T14:00:00.000Z,5.0,12.5,30.0
2024-07-05T20:00:00.000Z,31.3,39.91,60.0
2024-08-07T18:00:00.000Z,21.7,24.189999999999998,30.0
2024-08-21T22:00:00.000Z,49.3,43.51,30.0
2023-08-19T05:00:00.000Z,10.6,25.419999999999998,60.0
2023-12-16T08:00:00.000Z,19.7,49.79,120.0
2024-02-02T19:00:00.000Z,20.8,32.56,60.0
2023-01-25T09:00:00.000Z,21.6,42.12,90.0
2023-07-09T15:00:00.000Z,6.1,31.27,90.0
2023-11-11T12:00:00.000Z,28.85,51.695,105.0
2023-12-10T21:00:00.000Z,28.9,74.22999999999999,180.0
2024-04-21T05:00:00.000Z,9.5,60.65,180.0
2023-04-29T23:00:00.000Z,19.6,49.72,120.0
2023-08-07T14:00:00.000Z,5.8,22.06,60.0
2023-08-22T08:00:00.000Z,20.2,68.14,180.0
2023-10-21T10:00:00.000Z,5.8,22.06,60.0
2023-11-05T09:00:00.000Z,9.85,33.894999999999996,90.0
2024-01-23T12:00:00.000Z,5.0,30.5,90.0
2024-01-28T16:00:00.000Z,9.7,42.79,120.0
2024-02-16T13:00:00.000Z,13.8,18.66,30.0
2024-04-06T09:00:00.000Z,13.1,18.17,30.0
2023-02-28T05:00:00.000Z,21.3,32.91,60.0
2023-04-10T13:00:00.000Z,18.3,39.81,90.0
2023-05-03T04:00:00.000Z,10.5,34.35,90.0
2023-07-09T05:00:00.000Z,9.9,42.93,120.0
2023-08-07T16:00:00.000Z,9.7,15.79,30.0
2023-08-12T09:00:00.000Z,13.6,36.519999999999996,90.0
2023-08-26T17:00:00.000Z,5.0,39.5,120.0
2023-10-18T22:00:00.000Z,14.4,28.08,60.0
2024-01-07T13:00:00.000Z,41.6,47.12,60.0
2024-01-11T10:00:00.000Z,5.0,12.5,30.0
2024-08-14T17:00:00.000Z,15.1,46.57,120.0
2023-04-10T15:00:00.000Z,19.5,40.65,90.0
2023-07-05T09:00:00.000Z,13.4,45.379999999999995,120.0
2023-10-01T06:00:00.000Z,31.2,39.84,60.0
2023-04-30T00:00:00.000Z,18.6,31.02,60.0
2023-05-03T11:00:00.000Z,40.8,55.559999999999995,90.0
2023-06-05T11:00:00.000Z,5.8,76.06,240.0
2023-09-07T17:00:00.000Z,9.6,24.72,60.0
2023-10-26T00:00:00.000Z,59.9,113.93,240.0
2024-01-29T00:00:00.000Z,5.0,39.5,120.0
2024-05-15T18:00:00.000Z,26.1,54.269999999999996,120.0
2023-03-21T06:00:00.000Z,13.9,36.730000000000004,90.0
2023-04-30T17:00:00.000Z,25.55,62.885,150.0
2023-05-09T01:00:00.000Z,21.0,23.7,30.0
2024-01-17T19:00:00.000Z,38.7,63.09,120.0
2024-04-10T18:00:00.000Z,24.6,53.22,120.0
2024-06-15T09:00:00.000Z,7.0,31.9,90.0
2023-04-05T14:00:00.000Z,5.8,31.06,90.0
2023-05-01T09:00:00.000Z,8.5,41.95,120.0
2023-05-15T23:00:00.000Z,14.95,23.964999999999996,45.0
2023-06-26T12:00:00.000Z,11.3,34.91,90.0
2024-06-06T00:00:00.000Z,9.4,20.08,45.0
2024-07-08T16:00:00.000Z,24.8,26.36,30.0
2023-01-09T17:00:00.000Z,21.8,33.26,60.0
2023-02-08T15:00:00.000Z,25.0,71.5,180.0
2023-07-01T23:00:00.000Z,11.3,16.91,30.0
2023-07-23T06:00:00.000Z,5.0,57.5,180.0
2024-03-07T12:00:00.000Z,13.6,27.52,60.0
2024-03-21T09:00:00.000Z,23.8,34.66,60.0
2024-05-16T16:00:00.000Z,8.6,60.019999999999996,180.0
2023-05-13T00:00:00.000Z,25.1,35.57,60.0
2023-05-27T11:00:00.000Z,13.8,18.66,30.0
2023-04-27T12:00:00.000Z,9.5,60.65,180.0
2023-08-05T16:00:00.000Z,16.2,47.339999999999996,120.0
2023-11-06T07:00:00.000Z,9.3,24.509999999999998,60.0
2023-11-14T00:00:00.000Z,10.4,79.28,240.0
2024-01-21T10:00:00.000Z,9.7,33.79,90.0
2024-02-02T00:00:00.000Z,5.0,30.5,90.0
2024-04-28T15:00:00.000Z,5.0,12.5,30.0
2024-07-12T20:00:00.000Z,14.3,28.009999999999998,60.0
2023-01-27T01:00:00.000Z,16.4,38.48,90.0
2023-07-26T04:00:00.000Z,5.0,39.5,120.0
2023-08-01T17:00:00.000Z,5.5,39.85,120.0
2023-08-31T04:00:00.000Z,16.0,83.2,240.0
2023-09-25T09:00:00.000Z,5.7,12.99,30.0
2023-10-08T02:00:00.000Z,11.4,34.98,90.0
2024-04-21T12:00:00.000Z,9.8,15.86,30.0
2024-08-29T03:00:00.000Z,11.8,17.259999999999998,30.0
2023-09-03T10:00:00.000Z,10.7,16.49,30.0
2023-08-26T07:00:00.000Z,10.2,25.14,60.0
2023-09-05T20:00:00.000Z,39.9,36.92999999999999,30.0
2024-02-17T18:00:00.000Z,5.9,22.13,60.0
2024-06-18T20:00:00.000Z,11.3,16.91,30.0
2024-06-25T21:00:00.000Z,30.1,39.07,60.0
2024-08-27T05:00:00.000Z,11.6,44.12,120.0
2023-01-07T09:00:00.000Z,21.9,33.33,60.0
2023-01-21T07:00:00.000Z,6.3,22.41,60.0
2023-01-28T21:00:00.000Z,5.0,39.5,120.0
2023-02-27T13:00:00.000Z,41.1,37.769999999999996,30.0
2023-05-15T05:00:00.000Z,5.4,30.78,90.0
2023-06-14T04:00:00.000Z,13.2,18.24,30.0
2023-07-10T08:00:00.000Z,5.0,53.0,165.0
2023-09-18T10:00:00.000Z,20.7,41.489999999999995,90.0
2023-12-09T22:00:00.000Z,10.7,16.49,30.0
2024-06-03T01:00:00.000Z,16.0,65.2,180.0
2024-07-25T13:00:00.000Z,5.0,12.5,30.0
2024-08-21T05:00:00.000Z,15.1,19.57,30.0
2023-06-14T10:00:00.000Z,5.0,30.5,90.0
2023-07-16T07:00:00.000Z,18.900000000000002,46.23,110.0
2023-11-20T19:00:00.000Z,42.0,65.4,120.0
2024-02-12T07:00:00.000Z,26.9,54.83,120.0
2024-02-15T10:00:00.000Z,26.6,54.620000000000005,120.0
2024-06-29T05:00:00.000Z,25.4,26.779999999999998,30.0
2023-03-11T01:00:00.000Z,5.9,13.129999999999999,30.0
2023-05-17T03:00:00.000Z,24.8,26.36,30.0
2023-03-09T21:00:00.000Z,31.1,48.769999999999996,90.0
2023-10-21T12:00:00.000Z,8.1,32.67,90.0
2023-11-23T22:00:00.000Z,7.9,23.53,60.0
2023-12-12T02:00:00.000Z,31.0,30.7,30.0
2023-12-12T06:00:00.000Z,11.7,17.189999999999998,30.0
2024-01-26T08:00:00.000Z,18.0,66.6,180.0
2024-03-08T18:00:00.000Z,9.2,78.44,240.0
2024-06-13T04:00:00.000Z,14.9,37.43,90.0
2024-06-21T09:00:00.000Z,15.4,64.78,180.0
2023-01-21T21:00:00.000Z,21.1,50.769999999999996,120.0
2023-01-30T00:00:00.000Z,5.0,30.5,90.0
2023-02-14T04:00:00.000Z,41.7,83.19,180.0
2023-02-14T13:00:00.000Z,5.0,30.5,90.0
2023-11-28T17:00:00.000Z,28.2,73.74,180.0
2024-04-28T02:00:00.000Z,15.9,83.13,240.0
2024-05-04T14:00:00.000Z,9.2,33.44,90.0
2023-01-24T17:00:00.000Z,20.3,23.21,30.0
2023-03-25T14:00:00.000Z,14.0,63.8,180.0
2023-04-14T09:00:00.000Z,21.4,23.979999999999997,30.0
2023-12-28T05:00:00.000Z,13.5,22.95,45.0
2024-04-20T17:00:00.000Z,11.3,25.91,60.0
2024-06-19T22:00:00.000Z,7.0,58.9,180.0
2024-08-12T22:00:00.000Z,59.2,68.44,90.0
2023-03-26T06:00:00.000Z,24.8,71.36,180.0
2023-03-26T21:00:00.000Z,6.8,31.759999999999998,90.0
2023-06-07T00:00:00.000Z,20.8,41.56,90.0
2023-10-15T06:00:00.000Z,20.0,41.0,90.0
2024-08-02T23:00:00.000Z,25.6,71.92,180.0
2024-08-04T15:00:00.000Z,11.8,62.26,180.0
2024-08-17T11:00:00.000Z,6.1,22.27,60.0
2023-03-14T17:00:00.000Z,14.2,27.939999999999998,60.0
2023-05-18T10:00:00.000Z,15.5,37.85,90.0
2023-08-27T20:00:00.000Z,40.0,37.0,30.0
2023-09-06T14:00:00.000Z,8.9,24.23,60.0
2023-10-05T22:00:00.000Z,30.6,30.419999999999998,30.0
2023-11-06T16:00:00.000Z,6.7,22.689999999999998,60.0
2023-11-20T10:00:00.000Z,21.7,42.19,90.0
2023-12-03T19:00:00.000Z,5.1,21.57,60.0
2023-12-09T12:00:00.000Z,9.45,24.615000000000002,60.0
2023-12-11T06:00:00.000Z,20.2,50.14,120.0
2023-12-16T05:00:00.000Z,25.9,90.13,240.0
2024-01-17T08:00:00.000Z,5.0,57.5,180.0
2024-05-31T02:00:00.000Z,31.7,40.19,60.0
2024-07-02T13:00:00.000Z,10.4,16.28,30.0
2024-08-07T14:00:00.000Z,7.5,18.75,45.0
2023-02-17T01:00:00.000Z,78.6,73.02,60.0
2023-02-22T08:00:00.000Z,9.0,15.3,30.0
2023-06-12T04:00:00.000Z,25.1,35.57,60.0
2023-09-13T22:00:00.000Z,19.8,67.86,180.0
2024-01-14T11:00:00.000Z,5.0,21.5,60.0
2024-01-27T01:00:00.000Z,8.4,77.88,240.0
2024-06-10T00:00:00.000Z,19.3,22.509999999999998,30.0
2024-07-30T15:00:00.000Z,10.8,34.56,90.0
2023-01-10T10:00:00.000Z,16.95,25.365,45.0
2023-06-16T11:00:00.000Z,5.3,57.71,180.0
2023-02-12T01:00:00.000Z,28.8,29.16,30.0
2023-02-17T09:00:00.000Z,8.7,24.09,60.0
2023-04-09T16:00:00.000Z,18.4,39.879999999999995,90.0
2023-04-13T22:00:00.000Z,11.2,25.84,60.0
2023-08-01T08:00:00.000Z,20.4,41.28,90.0
2024-08-01T06:00:00.000Z,9.8,60.86,180.0
2024-08-12T09:00:00.000Z,8.3,59.81,180.0
2023-07-03T16:00:00.000Z,11.4,16.98,30.0
2023-07-28T01:00:00.000Z,5.0,12.5,30.0
2023-09-05T19:00:00.000Z,24.1,43.870000000000005,90.0
2023-11-15T18:00:00.000Z,18.8,22.16,30.0
2023-12-12T05:00:00.000Z,24.4,26.08,30.0
2024-03-14T11:00:00.000Z,51.1,71.77,120.0
2024-04-06T12:00:00.000Z,18.5,21.95,30.0
2024-05-29T04:00:00.000Z,18.5,84.95,240.0
2024-07-02T23:00:00.000Z,6.7,22.689999999999998,60.0
2024-07-18T02:00:00.000Z,25.6,35.92,60.0
2023-08-26T20:00:00.000Z,5.9,76.13,240.0
2023-12-21T18:00:00.000Z,10.8,34.56,90.0
2024-03-24T20:00:00.000Z,10.6,34.42,90.0
2024-04-28T12:00:00.000Z,29.1,38.370000000000005,60.0
2023-03-17T08:00:00.000Z,19.2,22.439999999999998,30.0
2023-06-28T01:00:00.000Z,20.1,23.07,30.0
2024-01-10T19:00:00.000Z,26.5,36.55,60.0
2024-03-18T06:00:00.000Z,5.2,21.64,60.0
2024-04-15T06:00:00.000Z,8.35,68.845,210.0
2024-06-14T13:00:00.000Z,11.4,79.98,240.0
2023-07-18T12:00:00.000Z,5.2,21.64,60.0
2023-08-27T04:00:00.000Z,5.0,12.5,30.0
2024-01-02T00:00:00.000Z,14.0,27.799999999999997,60.0
2024-02-18T12:00:00.000Z,9.4,60.58,180.0
2024-04-21T17:00:00.000Z,9.85,20.395,45.0
2024-05-14T10:00:00.000Z,14.0,45.8,120.0
2024-07-13T11:00:00.000Z,40.5,37.349999999999994,30.0
2023-03-02T17:00:00.000Z,50.7,44.49,30.0
2023-04-05T00:00:00.000Z,24.4,44.08,90.0
2023-09-04T03:00:00.000Z,10.0,43.0,120.0
2023-08-06T05:00:00.000Z,5.3,21.71,60.0
2023-09-17T16:00:00.000Z,10.6,34.42,90.0
2023-10-25T20:00:00.000Z,8.7,24.09,60.0
2024-02-27T07:00:00.000Z,28.2,55.739999999999995,120.0
2024-05-10T11:00:00.000Z,9.3,60.51,180.0
2024-06-25T18:00:00.000Z,6.4,40.48,120.0
2023-01-04T19:00:00.000Z,11.9,26.33,60.0
2023-02-20T12:00:00.000Z,40.0,46.0,60.0
2023-05-14T23:00:00.000Z,15.3,28.71,60.0
2023-06-23T03:00:00.000Z,25.6,26.919999999999998,30.0
2023-04-13T23:00:00.000Z,26.1,36.269999999999996,60.0
2023-08-13T10:00:00.000Z,15.0,19.5,30.0
2023-10-23T08:00:00.000Z,20.7,41.489999999999995,90.0
2023-02-15T05:00:00.000Z,14.0,63.8,180.0
2023-06-28T17:00:00.000Z,12.0,17.4,30.0
2023-07-21T09:00:00.000Z,38.2,44.74,60.0
2024-02-17T03:00:00.000Z,41.1,46.769999999999996,60.0
2024-04-13T17:00:00.000Z,16.4,38.48,90.0
2024-04-19T13:00:00.000Z,8.0,32.6,90.0
2024-05-06T22:00:00.000Z,30.0,30.0,30.0
2024-06-03T17:00:00.000Z,15.0,64.5,180.0
2023-04-15T18:00:00.000Z,9.6,29.22,75.0
2023-02-28T21:00:00.000Z,29.8,29.86,30.0
2023-05-30T09:00:00.000Z,21.4,68.98,180.0
2023-07-30T11:00:00.000Z,21.9,33.33,60.0
2023-09-11T15:00:00.000Z,12.7,26.89,60.0
2023-12-23T07:00:00.000Z,79.0,82.3,90.0
2024-04-13T06:00:00.000Z,5.0,12.5,30.0
2024-06-20T12:00:00.000Z,18.9,31.229999999999997,60.0
2024-07-07T07:00:00.000Z,21.4,32.98,60.0
2023-03-29T23:00:00.000Z,19.3,49.51,120.0
2023-04-19T02:00:00.000Z,23.5,43.45,90.0
2023-06-02T12:00:00.000Z,19.6,31.72,60.0
2023-01-17T14:00:00.000Z,39.8,54.86,90.0
2023-04-19T01:00:00.000Z,6.0,13.2,30.0
2023-10-03T19:00:00.000Z,8.7,33.089999999999996,90.0
2024-05-26T01:00:00.000Z,19.1,22.37,30.0
2024-07-02T06:00:00.000Z,9.5,42.65,120.0
2024-08-08T03:00:00.000Z,30.8,39.56,60.0
2023-07-12T20:00:00.000Z,51.3,62.91,90.0
2023-07-16T22:00:00.000Z,9.3,15.51,30.0
2023-08-02T00:00:00.000Z,5.0,12.5,30.0
2023-09-14T23:00:00.000Z,24.3,44.01,90.0
2023-10-10T02:00:00.000Z,28.6,38.019999999999996,60.0
2024-03-07T14:00:00.000Z,19.8,31.86,60.0
2024-08-27T14:00:00.000Z,24.3,44.01,90.0
2023-03-20T08:00:00.000Z,28.6,29.02,30.0
2023-08-11T18:00:00.000Z,5.0,30.5,90.0
2023-12-07T19:00:00.000Z,16.3,20.41,30.0
2023-12-19T16:00:00.000Z,28.2,37.739999999999995,60.0
2024-04-17T02:00:00.000Z,5.0,30.5,90.0
2023-03-05T11:00:00.000Z,11.2,16.84,30.0
2023-05-26T16:00:00.000Z,15.1,19.57,30.0
2023-08-15T23:00:00.000Z,6.8,76.76,240.0
2023-09-23T21:00:00.000Z,40.0,46.0,60.0
2023-03-21T08:00:00.000Z,13.9,63.730000000000004,180.0
2023-03-25T11:00:00.000Z,10.8,34.56,90.0
2023-04-27T16:00:00.000Z,20.9,32.629999999999995,60.0
2023-04-29T15:00:00.000Z,21.1,23.77,30.0
2023-09-26T16:00:00.000Z,8.6,24.02,60.0
2023-10-06T09:00:00.000Z,6.1,13.27,30.0
2023-10-13T02:00:00.000Z,8.2,23.74,60.0
2023-12-26T15:00:00.000Z,20.6,68.42,180.0
2023-12-29T16:00:00.000Z,18.8,40.16,90.0
2024-01-17T02:00:00.000Z,25.2,35.64,60.0
2024-07-10T09:00:00.000Z,16.2,20.339999999999996,30.0
2024-08-18T14:00:00.000Z,23.3,43.31,90.0
2023-06-14T22:00:00.000Z,18.2,30.74,60.0
2023-09-30T09:00:00.000Z,6.3,13.41,30.0
2023-11-28T16:00:00.000Z,28.9,29.229999999999997,30.0
2023-12-06T18:00:00.000Z,6.4,31.48,90.0
2024-01-02T10:00:00.000Z,14.0,27.799999999999997,60.0
2024-04-07T07:00:00.000Z,5.0,21.5,60.0
2024-08-06T06:00:00.000Z,23.3,34.31,60.0
2023-01-23T12:00:00.000Z,13.3,63.31,180.0
2023-03-11T00:00:00.000Z,30.8,30.56,30.0
2023-07-07T06:00:00.000Z,11.15,25.805,60.0
2023-09-24T12:00:00.000Z,16.2,29.339999999999996,60.0
2023-11-17T11:00:00.000Z,25.2,26.639999999999997,30.0
2024-01-31T19:00:00.000Z,32.0,40.4,60.0
2024-06-30T01:00:00.000Z,30.4,39.28,60.0
2023-02-05T11:00:00.000Z,5.0,21.5,60.0
2023-02-08T17:00:00.000Z,25.5,35.849999999999994,60.0
2023-07-02T01:00:00.000Z,19.6,31.72,60.0
2023-08-31T18:00:00.000Z,11.1,16.77,30.0
2023-10-16T05:00:00.000Z,10.1,43.07,120.0
2023-11-06T15:00:00.000Z,10.7,16.49,30.0
2024-01-07T07:00:00.000Z,17.85,48.495,120.0
2024-07-30T19:00:00.000Z,10.1,25.07,60.0
2023-02-10T09:00:00.000Z,11.8,26.259999999999998,60.0
2023-03-31T18:00:00.000Z,19.6,31.72,60.0
2023-06-13T19:00:00.000Z,61.3,78.91,120.0
2023-07-06T14:00:00.000Z,41.5,38.05,30.0
2023-08-18T14:00:00.000Z,21.6,33.12,60.0
2024-07-03T22:00:00.000Z,10.2,16.14,30.0
2023-02-17T07:00:00.000Z,10.0,16.0,30.0
2023-03-22T12:00:00.000Z,31.0,30.7,30.0
2023-06-24T09:00:00.000Z,21.0,68.7,180.0
2023-06-27T14:00:00.000Z,14.3,28.009999999999998,60.0
2023-07-03T02:00:00.000Z,5.0,57.5,180.0
2023-09-09T12:00:00.000Z,9.9,24.93,60.0
2023-10-06T14:00:00.000Z,15.1,37.57,90.0
2023-10-31T09:00:00.000Z,9.2,24.439999999999998,60.0
2024-07-03T15:00:00.000Z,6.5,31.55,90.0
2024-07-25T10:00:00.000Z,29.5,29.65,30.0
2023-01-08T15:00:00.000Z,5.0,39.5,120.0
2023-05-21T05:00:00.000Z,14.3,46.01,120.0
2023-06-20T11:00:00.000Z,20.2,32.14,60.0
2023-06-24T23:00:00.000Z,25.7,35.989999999999995,60.0
2023-08-07T11:00:00.000Z,20.3,32.21,60.0
2023-11-11T01:00:00.000Z,8.2,14.739999999999998,30.0
2023-12-24T05:00:00.000Z,16.0,65.2,180.0
2024-04-19T17:00:00.000Z,26.4,45.48,90.0
2023-01-31T22:00:00.000Z,5.0,12.5,30.0
2023-03-04T01:00:00.000Z,10.3,16.21,30.0
2023-04-02T09:00:00.000Z,20.5,23.35,30.0
2023-06-16T01:00:00.000Z,8.6,33.019999999999996,90.0
2023-08-27T16:00:00.000Z,14.95,55.464999999999996,150.0
2024-02-04T10:00:00.000Z,8.4,32.88,90.0
2024-03-29T14:00:00.000Z,41.5,83.05,180.0
2024-06-07T12:00:00.000Z,5.0,21.5,60.0
2024-08-28T10:00:00.000Z,8.7,33.089999999999996,90.0
2023-01-25T11:00:00.000Z,25.1,35.57,60.0
2023-03-11T04:00:00.000Z,5.0,39.5,120.0
2023-03-29T08:00:00.000Z,5.7,21.99,60.0
2023-07-08T08:00:00.000Z,15.3,37.71,90.0
2023-09-09T08:00:00.000Z,15.2,19.64,30.0
2023-11-06T04:00:00.000Z,22.8,60.96,150.0
2024-02-28T23:00:00.000Z,20.8,68.56,180.0
2024-04-02T16:00:00.000Z,8.0,14.6,30.0
2023-02-13T23:00:00.000Z,15.4,28.78,60.0
2023-03-19T00:00:00.000Z,9.5,60.65,180.0
2023-05-15T13:00:00.000Z,5.0,39.5,120.0
2023-06-20T10:00:00.000Z,21.4,50.98,120.0
2023-10-24T17:00:00.000Z,16.1,20.27,30.0
2023-12-25T14:00:00.000Z,9.6,24.72,60.0
2024-05-10T03:00:00.000Z,19.6,31.72,60.0
2024-07-04T23:00:00.000Z,5.0,21.5,60.0
2023-02-21T18:00:00.000Z,11.9,44.33,120.0
2023-03-28T13:00:00.000Z,10.8,34.56,90.0
2023-05-07T08:00:00.000Z,14.1,45.87,120.0
2023-07-20T14:00:00.000Z,10.3,16.21,30.0
2023-09-10T13:00:00.000Z,11.4,34.98,90.0
2023-12-31T14:00:00.000Z,6.4,31.48,90.0
2024-01-02T19:00:00.000Z,11.6,62.12,180.0
2024-01-14T07:00:00.000Z,61.6,97.12,180.0
2024-01-25T14:00:00.000Z,20.6,41.42,90.0
2024-02-18T05:00:00.000Z,5.0,39.5,120.0
2024-02-22T16:00:00.000Z,9.2,24.439999999999998,60.0
2024-03-31T04:00:00.000Z,11.4,25.98,60.0
2024-04-23T19:00:00.000Z,6.3,40.41,120.0
2024-07-23T18:00:00.000Z,14.2,36.94,90.0
2023-04-21T13:00:00.000Z,29.8,38.86,60.0
2023-10-01T11:00:00.000Z,10.65,20.955,45.0
2023-12-26T16:00:00.000Z,20.7,68.49,180.0
2024-03-11T09:00:00.000Z,5.0,12.5,30.0
2024-05-16T06:00:00.000Z,10.5,34.35,90.0
2024-05-19T22:00:00.000Z,50.4,107.28,240.0
2024-06-27T15:00:00.000Z,5.0,12.5,30.0
2024-07-23T13:00:00.000Z,31.3,39.91,60.0
2023-04-20T19:00:00.000Z,25.8,36.06,60.0
2023-05-23T18:00:00.000Z,19.6,22.72,30.0
2023-05-27T22:00:00.000Z,9.5,29.15,75.0
2023-05-30T04:00:00.000Z,11.2,25.84,60.0
2023-07-28T20:00:00.000Z,21.7,42.19,90.0
2023-09-18T04:00:00.000Z,10.8,16.56,30.0
2023-11-14T21:00:00.000Z,24.6,48.72,105.0
2023-12-31T01:00:00.000Z,20.9,41.629999999999995,90.0
2024-04-26T20:00:00.000Z,21.6,69.12,180.0
2024-04-27T08:00:00.000Z,13.299999999999999,27.31,60.0
2024-04-30T20:00:00.000Z,38.7,63.09,120.0
2023-08-17T09:00:00.000Z,5.0,12.5,30.0
2023-09-22T02:00:00.000Z,18.4,48.879999999999995,120.0
2024-01-22T18:00:00.000Z,15.9,47.129999999999995,120.0
2024-03-18T12:00:00.000Z,18.8,40.16,90.0
2024-05-23T11:00:00.000Z,5.0,21.5,60.0
2024-07-05T01:00:00.000Z,5.0,57.5,180.0
2023-01-02T15:00:00.000Z,11.1,34.769999999999996,90.0
2023-04-17T21:00:00.000Z,9.0,78.3,240.0
2023-05-28T03:00:00.000Z,10.9,16.63,30.0
2023-06-29T21:00:00.000Z,18.4,84.88,240.0
2023-11-03T16:00:00.000Z,5.0,21.5,60.0
2023-12-21T17:00:00.000Z,16.9,29.83,60.0
2024-03-29T18:00:00.000Z,11.9,17.33,30.0
2024-06-16T23:00:00.000Z,9.3,42.51,120.0
2023-01-30T05:00:00.000Z,19.1,22.37,30.0
2023-07-19T09:00:00.000Z,10.7,25.49,60.0
2023-08-11T22:00:00.000Z,13.8,36.66,90.0
2023-09-03T23:00:00.000Z,11.8,17.259999999999998,30.0
2023-10-09T07:00:00.000Z,5.1,30.57,90.0
2023-11-04T15:00:00.000Z,5.0,21.5,60.0
2024-01-02T20:00:00.000Z,38.15,62.705,120.0
2024-01-03T04:00:00.000Z,37.25,57.575,105.0
2024-03-13T17:00:00.000Z,13.0,36.1,90.0
2024-04-03T18:00:00.000Z,5.0,75.5,240.0
2024-04-07T19:00:00.000Z,6.2,40.34,120.0
2023-05-05T07:00:00.000Z,16.1,29.27,60.0
2023-11-12T15:00:00.000Z,15.6,28.92,60.0
2024-04-28T23:00:00.000Z,19.2,22.439999999999998,30.0
2024-06-08T02:00:00.000Z,18.1,39.67,90.0
2023-01-19T10:00:00.000Z,48.8,61.16,90.0
2023-05-31T16:00:00.000Z,11.6,35.12,90.0
2023-05-23T01:00:00.000Z,16.9,29.83,60.0
2023-07-24T02:00:00.000Z,15.7,28.99,60.0
2023-10-09T13:00:00.000Z,9.7,60.79,180.0
2023-10-27T12:00:00.000Z,19.7,22.79,30.0
2024-04-10T22:00:00.000Z,24.0,25.799999999999997,30.0
2024-06-03T12:00:00.000Z,16.6,29.62,60.0
2024-08-03T20:00:00.000Z,8.4,41.88,120.0
2023-03-11T05:00:00.000Z,29.1,29.37,30.0
2023-05-26T21:00:00.000Z,5.1,30.57,90.0
2023-07-10T15:00:00.000Z,26.9,54.83,120.0
2023-07-23T15:00:00.000Z,5.0,57.5,180.0
2023-07-25T02:00:00.000Z,11.0,43.7,120.0
2023-08-19T18:00:00.000Z,10.7,61.49,180.0
2023-10-04T13:00:00.000Z,19.7,67.78999999999999,180.0
2023-11-30T06:00:00.000Z,24.0,25.799999999999997,30.0
2024-03-06T13:00:00.000Z,25.4,53.78,120.0
2024-05-02T05:00:00.000Z,21.1,50.769999999999996,120.0
2024-05-23T10:00:00.000Z,21.7,42.19,90.0
2024-07-08T11:00:00.000Z,19.0,31.299999999999997,60.0
2024-07-09T07:00:00.000Z,39.7,45.79,60.0
2023-02-18T18:00:00.000Z,14.2,36.94,90.0
2023-03-15T07:00:00.000Z,61.3,51.91,30.0
2023-04-07T10:00:00.000Z,5.6,12.92,30.0
2023-05-28T05:00:00.000Z,32.0,58.4,120.0
2023-08-19T10:00:00.000Z,28.4,46.879999999999995,90.0
2023-09-08T04:00:00.000Z,31.6,40.120000000000005,60.0
2023-10-25T00:00:00.000Z,25.3,26.71,30.0
2023-11-26T00:00:00.000Z,18.2,30.74,60.0
2024-01-11T21:00:00.000Z,8.9,15.23,30.0
2024-03-14T18:00:00.000Z,20.1,41.07,90.0
2024-07-03T21:00:00.000Z,15.5,19.85,30.0
2023-05-27T05:00:00.000Z,21.6,42.12,90.0
2023-06-02T09:00:00.000Z,13.9,45.730000000000004,120.0
2023-06-13T01:00:00.000Z,6.2,31.34,90.0
2023-10-02T12:00:00.000Z,6.6,40.62,120.0
2023-10-12T02:00:00.000Z,5.0,21.5,60.0
2024-02-01T14:00:00.000Z,5.0,30.5,90.0
2024-02-06T12:00:00.000Z,18.8,85.16,240.0
2024-05-26T08:00:00.000Z,19.8,31.86,60.0
2023-01-13T22:00:00.000Z,9.8,24.86,60.0
2023-05-20T17:00:00.000Z,10.0,25.0,60.0
2023-09-26T06:00:00.000Z,21.9,87.33,240.0
2023-09-26T15:00:00.000Z,5.0,12.5,30.0
2023-11-29T18:00:00.000Z,20.9,23.629999999999995,30.0
2023-12-19T17:00:00.000Z,18.7,67.09,180.0
2024-01-19T22:00:00.000Z,29.3,56.51,120.0
2024-04-01T01:00:00.000Z,5.0,12.5,30.0
2024-04-14T20:00:00.000Z,10.2,16.14,30.0
2024-05-16T20:00:00.000Z,25.5,35.849999999999994,60.0
2024-06-08T17:00:00.000Z,9.6,15.719999999999999,30.0
2024-06-15T19:00:00.000Z,11.8,44.26,120.0
2024-08-14T20:00:00.000Z,13.2,36.239999999999995,90.0
2023-04-06T07:00:00.000Z,28.9,92.22999999999999,240.0
2023-10-12T23:00:00.000Z,28.4,37.879999999999995,60.0
2023-12-25T04:00:00.000Z,14.2,18.939999999999998,30.0
2023-12-29T15:00:00.000Z,50.6,53.42,60.0
2024-03-27T12:00:00.000Z,6.2,31.34,90.0
2024-04-28T13:00:00.000Z,10.4,43.28,120.0
2024-06-09T22:00:00.000Z,38.7,36.09,30.0
2024-07-27T23:00:00.000Z,13.2,36.239999999999995,90.0
2024-08-01T14:00:00.000Z,6.4,31.48,90.0
2023-01-03T00:00:00.000Z,51.9,54.33,60.0
2024-01-09T13:00:00.000Z,20.7,41.489999999999995,90.0
2024-02-18T10:00:00.000Z,8.4,14.879999999999999,30.0
2024-03-17T05:00:00.000Z,5.0,21.5,60.0
2024-08-25T11:00:00.000Z,81.9,75.33,60.0
2023-02-18T06:00:00.000Z,41.6,56.12,90.0
2023-03-29T15:00:00.000Z,9.1,33.37,90.0
2023-09-01T01:00:00.000Z,16.0,29.2,60.0
2023-09-19T09:00:00.000Z,18.5,30.950000000000003,60.0
2023-11-05T17:00:00.000Z,25.2,71.64,180.0
2024-04-17T18:00:00.000Z,29.5,47.65,90.0
2024-04-21T20:00:00.000Z,31.1,48.769999999999996,90.0
2023-02-07T02:00:00.000Z,61.5,52.05,30.0
2023-09-24T17:00:00.000Z,29.8,29.86,30.0
2023-10-01T21:00:00.000Z,39.8,81.86,180.0
2023-11-30T15:00:00.000Z,9.8,15.86,30.0
2024-02-01T21:00:00.000Z,6.9,31.83,90.0
2024-02-13T14:00:00.000Z,6.1,40.269999999999996,120.0
2024-05-11T02:00:00.000Z,40.9,37.629999999999995,30.0
2024-07-15T12:00:00.000Z,40.8,64.56,120.0
2024-07-15T13:00:00.000Z,9.9,29.43,75.0
2023-02-16T09:00:00.000Z,21.1,41.769999999999996,90.0
2023-03-04T20:00:00.000Z,9.9,78.93,240.0
2023-03-08T14:00:00.000Z,15.4,19.78,30.0
2023-06-15T15:00:00.000Z,15.6,28.92,60.0
2023-12-09T14:00:00.000Z,16.65,29.655,60.0
2024-01-10T14:00:00.000Z,10.2,25.14,60.0
2024-05-10T14:00:00.000Z,14.7,82.28999999999999,240.0
2024-06-27T06:00:00.000Z,13.5,45.45,120.0
2023-05-15T12:00:00.000Z,18.8,22.16,30.0
2023-05-21T23:00:00.000Z,10.9,16.63,30.0
2023-08-27T05:00:00.000Z,18.8,67.16,180.0
2023-12-03T18:00:00.000Z,11.0,16.7,30.0
2024-03-05T00:00:00.000Z,20.450000000000003,41.315,90.0
2024-08-28T19:00:00.000Z,10.2,43.14,120.0
2023-02-23T07:00:00.000Z,28.1,46.67,90.0
2023-04-22T15:00:00.000Z,9.5,24.65,60.0
2024-05-05T14:00:00.000Z,18.2,30.74,60.0
2024-08-13T16:00:00.000Z,8.8,78.16,240.0
2023-01-12T06:00:00.000Z,25.3,26.71,30.0
2023-01-28T18:00:00.000Z,19.0,67.3,180.0
2023-02-28T17:00:00.000Z,5.1,12.57,30.0
2023-03-08T09:00:00.000Z,31.3,30.91,30.0
2023-08-25T15:00:00.000Z,23.9,43.73,90.0
2023-08-28T01:00:00.000Z,5.0,12.5,30.0
2024-05-18T21:00:00.000Z,21.8,51.26,120.0
2024-07-23T00:00:00.000Z,13.8,27.66,60.0
2023-01-24T18:00:00.000Z,9.6,33.72,90.0
2023-11-05T13:00:00.000Z,17.0,38.9,90.0
2024-03-12T05:00:00.000Z,11.5,26.049999999999997,60.0
2024-05-22T15:00:00.000Z,19.6,22.72,30.0
2023-06-09T21:00:00.000Z,5.2,12.64,30.0
2023-11-13T14:00:00.000Z,24.3,53.01,120.0
2023-12-23T20:00:00.000Z,13.3,18.310000000000002,30.0
2024-01-18T09:00:00.000Z,13.4,27.38,60.0
2024-06-13T08:00:00.000Z,10.5,16.35,30.0
2024-06-22T19:00:00.000Z,8.9,15.23,30.0
2024-06-23T01:00:00.000Z,25.5,26.849999999999998,30.0
2024-06-30T00:00:00.000Z,23.4,34.379999999999995,60.0
2024-07-01T00:00:00.000Z,26.3,27.41,30.0
2023-05-04T09:00:00.000Z,5.0,39.5,120.0
2023-09-24T23:00:00.000Z,8.5,14.95,30.0
2023-10-21T02:00:00.000Z,5.4,75.78,240.0
2023-10-29T16:00:00.000Z,10.2,25.14,60.0
2023-11-11T02:00:00.000Z,28.4,28.88,30.0
2023-11-19T23:00:00.000Z,21.5,42.05,90.0
2024-04-04T18:00:00.000Z,18.6,22.02,30.0
2024-05-18T16:00:00.000Z,11.1,25.77,60.0
2024-05-22T13:00:00.000Z,6.6,31.619999999999997,90.0
2023-09-04T09:00:00.000Z,29.2,47.44,90.0
2023-10-23T20:00:00.000Z,19.4,22.58,30.0
2023-12-06T22:00:00.000Z,5.0,12.5,30.0
2024-01-04T05:00:00.000Z,5.0,12.5,30.0
2024-04-03T16:00:00.000Z,6.3,13.41,30.0
2024-05-20T08:00:00.000Z,29.5,38.65,60.0
2024-07-17T23:00:00.000Z,14.8,19.36,30.0
2023-02-20T20:00:00.000Z,40.4,64.28,120.0
2023-10-28T12:00:00.000Z,5.0,30.5,90.0
2023-04-14T07:00:00.000Z,21.3,68.91,180.0
2023-04-28T01:00:00.000Z,8.6,42.019999999999996,120.0
2023-11-05T11:00:00.000Z,5.0,30.5,90.0
2023-11-17T02:00:00.000Z,18.1,21.67,30.0
2024-02-17T11:00:00.000Z,16.65,34.155,75.0
2024-03-18T04:00:00.000Z,19.9,31.93,60.0
2024-04-13T07:00:00.000Z,40.3,46.209999999999994,60.0
2024-06-14T15:00:00.000Z,29.1,29.37,30.0
2023-03-07T01:00:00.000Z,38.2,44.74,60.0
2023-03-17T05:00:00.000Z,16.3,29.41,60.0
2023-04-06T17:00:00.000Z,8.6,33.019999999999996,90.0
2023-04-08T09:00:00.000Z,28.0,37.599999999999994,60.0
2023-04-26T19:00:00.000Z,6.8,13.76,30.0
2023-08-24T06:00:00.000Z,9.3,42.51,120.0
2023-10-29T03:00:00.000Z,21.1,68.77,180.0
2024-02-12T19:00:00.000Z,5.0,12.5,30.0
2024-03-03T08:00:00.000Z,16.3,47.41,120.0
2024-08-07T09:00:00.000Z,41.2,37.84,30.0
2023-01-07T10:00:00.000Z,19.0,31.299999999999997,60.0
2023-06-16T05:00:00.000Z,23.4,25.38,30.0
2023-07-16T20:00:00.000Z,19.7,31.79,60.0
2023-07-26T11:00:00.000Z,15.9,65.13,180.0
2023-11-03T10:00:00.000Z,23.5,43.45,90.0
2023-11-16T01:00:00.000Z,5.9,31.13,90.0
2024-01-25T19:00:00.000Z,9.1,24.369999999999997,60.0
2024-03-01T13:00:00.000Z,19.1,22.37,30.0
2024-08-30T19:00:00.000Z,9.1,78.37,240.0
2023-06-05T09:00:00.000Z,19.3,85.51,240.0
2023-08-20T22:00:00.000Z,28.6,74.02,180.0
2023-10-26T14:00:00.000Z,10.1,25.07,60.0
2023-11-09T19:00:00.000Z,11.7,17.189999999999998,30.0
2024-02-03T09:00:00.000Z,19.1,31.37,60.0
2024-03-31T07:00:00.000Z,21.6,24.119999999999997,30.0
2024-04-05T11:00:00.000Z,20.9,41.629999999999995,90.0
2024-05-05T22:00:00.000Z,14.7,28.29,60.0
2023-03-18T09:00:00.000Z,25.7,44.989999999999995,90.0
2023-04-30T13:00:00.000Z,50.2,44.14,30.0
2023-12-31T07:00:00.000Z,8.6,24.02,60.0
2024-02-15T16:00:00.000Z,30.0,30.0,30.0
2024-03-10T07:00:00.000Z,6.4,13.48,30.0
2024-04-08T19:00:00.000Z,22.0,24.4,30.0
2024-04-20T20:00:00.000Z,16.1,20.27,30.0
2024-08-14T23:00:00.000Z,13.6,45.519999999999996,120.0
2023-03-21T23:00:00.000Z,6.7,22.689999999999998,60.0
2023-03-08T12:00:00.000Z,15.7,37.989999999999995,90.0
2023-06-12T19:00:00.000Z,6.6,31.619999999999997,90.0
2023-09-28T02:00:00.000Z,16.1,42.769999999999996,105.0
2023-10-17T06:00:00.000Z,5.7,21.99,60.0
2023-11-09T00:00:00.000Z,13.1,81.17,240.0
2023-11-22T07:00:00.000Z,10.3,16.21,30.0
2024-01-03T01:00:00.000Z,14.4,19.08,30.0
2024-01-05T05:00:00.000Z,9.6,42.72,120.0
2024-08-05T00:00:00.000Z,6.6,22.619999999999997,60.0
2023-02-07T13:00:00.000Z,14.8,28.36,60.0
2023-04-26T15:00:00.000Z,5.0,30.5,90.0
2023-07-05T23:00:00.000Z,23.1,43.17,90.0
2023-07-30T12:00:00.000Z,49.2,61.44,90.0
2023-08-26T03:00:00.000Z,23.6,70.52,180.0
2023-09-22T09:00:00.000Z,17.0,38.9,90.0
2023-12-01T21:00:00.000Z,20.7,50.489999999999995,120.0
2023-01-11T12:00:00.000Z,8.5,14.95,30.0
2023-02-08T20:00:00.000Z,8.5,59.95,180.0
2023-02-16T05:00:00.000Z,9.0,42.3,120.0
2023-03-18T16:00:00.000Z,39.9,99.92999999999999,240.0
2023-04-16T16:00:00.000Z,29.1,29.37,30.0
2023-06-07T09:00:00.000Z,15.4,46.78,120.0
2023-08-27T00:00:00.000Z,24.2,25.939999999999998,30.0
2023-09-20T02:00:00.000Z,10.3,25.21,60.0
2023-10-19T22:00:00.000Z,6.8,22.759999999999998,60.0
2023-11-17T20:00:00.000Z,31.0,48.7,90.0
2024-02-12T03:00:00.000Z,8.5,14.95,30.0
2024-05-01T03:00:00.000Z,26.5,27.549999999999997,30.0
2024-05-12T14:00:00.000Z,14.4,37.08,90.0
2024-08-02T19:00:00.000Z,10.2,34.14,90.0
2023-05-10T11:00:00.000Z,19.6,31.72,60.0
2023-08-21T02:00:00.000Z,26.5,27.549999999999997,30.0
2024-02-18T07:00:00.000Z,40.5,37.349999999999994,30.0
2024-03-26T11:00:00.000Z,38.3,35.809999999999995,30.0
2024-04-12T00:00:00.000Z,6.7,13.69,30.0
2024-04-29T09:00:00.000Z,26.0,36.2,60.0
2024-05-31T15:00:00.000Z,12.899999999999999,49.53,135.0
2023-03-14T03:00:00.000Z,31.6,58.120000000000005,120.0
2023-07-05T03:00:00.000Z,26.1,45.269999999999996,90.0
2023-09-11T13:00:00.000Z,14.5,82.15,240.0
2023-11-08T02:00:00.000Z,5.0,12.5,30.0
2023-12-29T18:00:00.000Z,30.9,75.63,180.0
2024-01-03T22:00:00.000Z,19.1,40.370000000000005,90.0
2024-02-28T03:00:00.000Z,5.0,39.5,120.0
2024-04-20T01:00:00.000Z,5.7,30.99,90.0
2024-07-27T11:00:00.000Z,14.9,28.43,60.0
2023-01-04T02:00:00.000Z,23.2,43.239999999999995,90.0
2023-02-17T04:00:00.000Z,29.1,92.37,240.0
2023-06-16T09:00:00.000Z,5.4,21.78,60.0
2023-07-24T07:00:00.000Z,14.5,19.15,30.0
2023-07-28T15:00:00.000Z,9.0,15.3,30.0
2023-11-20T08:00:00.000Z,42.0,38.4,30.0
2024-04-23T12:00:00.000Z,13.7,18.589999999999996,30.0
2024-08-08T06:00:00.000Z,10.2,16.14,30.0
2023-01-18T04:00:00.000Z,6.1,13.27,30.0
2023-04-17T07:00:00.000Z,8.4,32.88,90.0
2023-02-19T21:00:00.000Z,20.4,41.28,90.0
2023-03-25T06:00:00.000Z,26.5,27.55,30.0
2023-08-03T18:00:00.000Z,14.1,27.869999999999997,60.0
2023-12-04T01:00:00.000Z,15.8,20.060000000000002,30.0
2023-03-21T03:00:00.000Z,19.1,31.37,60.0
2024-02-01T20:00:00.000Z,23.7,25.59,30.0
2024-02-06T13:00:00.000Z,16.4,20.479999999999997,30.0
2024-06-03T03:00:00.000Z,8.2,23.74,60.0
2024-06-16T14:00:00.000Z,15.2,19.64,30.0
2024-07-03T05:00:00.000Z,26.3,36.41,60.0
2024-08-17T07:00:00.000Z,5.4,39.78,120.0
2023-03-18T08:00:00.000Z,19.8,40.86,90.0
2023-04-07T01:00:00.000Z,16.7,20.689999999999998,30.0
2023-01-27T20:00:00.000Z,5.0,12.5,30.0
2023-08-09T04:00:00.000Z,38.2,44.74,60.0
2023-10-02T10:00:00.000Z,19.4,22.58,30.0
2023-10-14T19:00:00.000Z,5.0,12.5,30.0
2024-01-15T15:00:00.000Z,9.0,60.3,180.0
2024-02-12T23:00:00.000Z,5.0,57.5,180.0
2024-04-01T23:00:00.000Z,6.6,31.619999999999997,90.0
2023-03-11T06:00:00.000Z,13.7,36.589999999999996,90.0
2023-07-31T05:00:00.000Z,19.4,31.58,60.0
2023-09-14T16:00:00.000Z,8.2,32.74,90.0
2024-02-22T11:00:00.000Z,11.3,34.91,90.0
2024-02-25T19:00:00.000Z,9.2,24.439999999999998,60.0
2024-04-19T01:00:00.000Z,80.1,74.07,60.0
2023-02-05T06:00:00.000Z,13.5,18.45,30.0
2023-03-21T18:00:00.000Z,13.3,27.310000000000002,60.0
2023-05-18T08:00:00.000Z,15.5,46.85,120.0
2023-06-17T12:00:00.000Z,6.9,13.83,30.0
2023-07-20T20:00:00.000Z,5.0,30.5,90.0
2023-08-12T20:00:00.000Z,24.0,88.8,240.0
2023-08-28T08:00:00.000Z,26.6,45.620000000000005,90.0
2023-12-18T15:00:00.000Z,6.2,58.34,180.0
2023-03-18T01:00:00.000Z,5.0,12.5,30.0
2023-04-13T05:00:00.000Z,11.5,26.049999999999997,60.0
2023-09-14T22:00:00.000Z,18.9,49.23,120.0
2023-10-04T10:00:00.000Z,5.0,75.5,240.0
2023-12-10T14:00:00.000Z,8.0,41.6,120.0
2024-02-23T16:00:00.000Z,5.0,21.5,60.0
2024-04-10T09:00:00.000Z,20.2,41.14,90.0
2024-06-08T15:00:00.000Z,20.9,41.629999999999995,90.0
2023-02-22T20:00:00.000Z,6.7,58.69,180.0
2023-01-23T23:00:00.000Z,16.5,47.55,120.0
2023-02-24T12:00:00.000Z,11.8,26.259999999999998,60.0
2023-04-12T14:00:00.000Z,29.3,29.509999999999998,30.0
2023-06-11T12:00:00.000Z,14.8,37.36,90.0
2023-09-26T01:00:00.000Z,18.4,48.879999999999995,120.0
2023-12-18T05:00:00.000Z,24.9,44.42999999999999,90.0
2024-08-10T01:00:00.000Z,24.0,43.8,90.0
2023-01-02T18:00:00.000Z,13.8,36.66,90.0
2023-03-31T17:00:00.000Z,14.0,36.8,90.0
2023-05-01T21:00:00.000Z,15.5,28.85,60.0
2023-05-16T21:00:00.000Z,25.1,26.57,30.0
2023-07-08T20:00:00.000Z,21.1,86.77,240.0
2023-07-11T08:00:00.000Z,6.9,13.83,30.0
2023-08-09T19:00:00.000Z,12.0,26.4,60.0
2024-01-29T22:00:00.000Z,5.0,57.5,180.0
2024-04-23T23:00:00.000Z,26.4,72.47999999999999,180.0
2023-08-20T17:00:00.000Z,10.5,16.35,30.0
2023-10-12T16:00:00.000Z,29.9,38.92999999999999,60.0
2023-10-17T23:00:00.000Z,15.9,38.129999999999995,90.0
2024-01-19T20:00:00.000Z,5.0,12.5,30.0
2024-02-09T05:00:00.000Z,16.2,65.34,180.0
2024-03-01T17:00:00.000Z,21.3,32.91,60.0
2024-05-28T10:00:00.000Z,29.5,29.65,30.0
2024-08-11T06:00:00.000Z,5.5,30.85,90.0
2023-03-04T23:00:00.000Z,21.4,32.98,60.0
2023-04-05T23:00:00.000Z,19.7,22.79,30.0
2023-06-01T22:00:00.000Z,10.9,43.63,120.0
2023-08-11T00:00:00.000Z,21.7,42.19,90.0
2023-10-13T08:00:00.000Z,9.5,15.649999999999999,30.0
2023-12-29T00:00:00.000Z,15.4,28.78,60.0
2024-01-09T05:00:00.000Z,31.6,40.120000000000005,60.0
2023-01-17T10:00:00.000Z,9.4,24.58,60.0
2023-09-24T16:00:00.000Z,20.3,32.21,60.0
2024-02-25T01:00:00.000Z,28.4,46.879999999999995,90.0
2024-03-19T09:00:00.000Z,5.2,30.64,90.0
2024-04-07T20:00:00.000Z,19.8,31.86,60.0
2023-01-27T22:00:00.000Z,5.7,30.99,90.0
2023-02-27T23:00:00.000Z,9.7,24.79,60.0
2023-06-13T00:00:00.000Z,10.4,16.28,30.0
2023-07-05T04:00:00.000Z,28.4,46.879999999999995,90.0
2023-08-23T23:00:00.000Z,11.1,25.77,60.0
2023-09-12T22:00:00.000Z,9.6,33.72,90.0
2023-11-05T08:00:00.000Z,21.25,55.375,135.0
2023-11-07T09:00:00.000Z,15.7,19.99,30.0
2024-01-03T14:00:00.000Z,60.7,69.49000000000001,90.0
2024-01-30T06:00:00.000Z,13.0,18.1,30.0
2024-03-06T07:00:00.000Z,61.9,97.33,180.0
2024-05-09T02:00:00.000Z,29.9,56.92999999999999,120.0
2024-07-03T01:00:00.000Z,23.3,43.31,90.0
2024-07-23T04:00:00.000Z,25.3,26.71,30.0
2024-07-27T01:00:00.000Z,16.0,38.2,90.0
2023-09-04T08:00:00.000Z,11.8,80.26,240.0
2023-06-08T15:00:00.000Z,38.8,36.16,30.0
2023-07-22T11:00:00.000Z,38.1,53.67,90.0
2023-09-08T12:00:00.000Z,24.5,26.15,30.0
2024-02-12T06:00:00.000Z,5.0,57.5,180.0
2024-02-19T18:00:00.000Z,16.0,83.2,240.0
2024-04-29T14:00:00.000Z,5.7,39.99,120.0
2024-05-18T22:00:00.000Z,6.1,31.27,90.0
2024-08-02T14:00:00.000Z,21.8,42.26,90.0
2024-08-22T06:00:00.000Z,30.8,57.56,120.0
2023-01-18T07:00:00.000Z,5.0,57.5,180.0
2023-02-01T18:00:00.000Z,19.7,31.79,60.0
2023-06-16T14:00:00.000Z,30.6,48.42,90.0
2023-03-08T16:00:00.000Z,18.6,22.02,30.0
2023-04-23T12:00:00.000Z,8.3,23.810000000000002,60.0
2023-09-17T05:00:00.000Z,18.0,39.6,90.0
2023-01-11T01:00:00.000Z,15.8,20.060000000000002,30.0
2023-02-20T16:00:00.000Z,13.9,45.730000000000004,120.0
2023-05-25T20:00:00.000Z,14.1,27.869999999999997,60.0
2023-09-13T20:00:00.000Z,15.1,28.57,60.0
2024-02-02T11:00:00.000Z,14.6,28.22,60.0
2024-02-13T16:00:00.000Z,50.4,44.279999999999994,30.0
2024-02-24T20:00:00.000Z,24.4,35.08,60.0
2024-07-20T03:00:00.000Z,49.9,43.93,30.0
2023-06-18T15:00:00.000Z,14.9,28.43,60.0
2023-06-19T12:00:00.000Z,14.3,19.009999999999998,30.0
2023-08-18T00:00:00.000Z,19.3,22.509999999999998,30.0
2023-10-18T09:00:00.000Z,26.3,72.41,180.0
2023-12-22T04:00:00.000Z,26.5,72.55,180.0
2024-02-11T21:00:00.000Z,25.4,53.78,120.0
2024-05-12T00:00:00.000Z,24.2,43.94,90.0
2023-03-05T14:00:00.000Z,5.0,21.5,60.0
2023-03-05T17:00:00.000Z,25.7,53.989999999999995,120.0
2023-06-05T14:00:00.000Z,20.2,23.14,30.0
2023-07-24T05:00:00.000Z,5.5,75.85,240.0
2023-10-15T03:00:00.000Z,5.0,12.5,30.0
2023-11-29T15:00:00.000Z,23.6,34.519999999999996,60.0
2023-12-01T19:00:00.000Z,16.1,47.269999999999996,120.0
2024-05-23T15:00:00.000Z,38.9,45.23,60.0
2024-05-29T19:00:00.000Z,9.3,33.51,90.0
2024-07-23T15:00:00.000Z,13.9,36.730000000000004,90.0
2024-08-22T04:00:00.000Z,25.4,53.78,120.0
2023-01-29T19:00:00.000Z,20.9,32.629999999999995,60.0
2023-04-23T18:00:00.000Z,15.3,19.71,30.0
2023-09-05T08:00:00.000Z,14.35,32.545,75.0
2023-11-15T14:00:00.000Z,11.0,21.2,45.0
2024-08-01T19:00:00.000Z,6.8,31.759999999999998,90.0
2024-08-23T05:00:00.000Z,39.2,45.44,60.0
2023-03-10T02:00:00.000Z,19.7,22.79,30.0
2023-05-14T07:00:00.000Z,5.0,21.5,60.0
2023-07-21T14:00:00.000Z,6.8,31.759999999999998,90.0
2023-12-31T17:00:00.000Z,5.0,21.5,60.0
2024-02-19T07:00:00.000Z,14.8,28.36,60.0
2024-03-10T11:00:00.000Z,5.0,39.5,120.0
2024-05-19T01:00:00.000Z,8.6,24.02,60.0
2024-08-22T13:00:00.000Z,23.1,29.669999999999998,45.0
2023-02-04T18:00:00.000Z,5.9,22.13,60.0
2023-05-07T02:00:00.000Z,5.0,21.5,60.0
2023-07-30T13:00:00.000Z,26.5,36.55,60.0
2023-11-02T08:00:00.000Z,23.3,43.31,90.0
2024-01-13T17:00:00.000Z,5.4,39.78,120.0
2024-03-17T19:00:00.000Z,15.6,37.92,90.0
2024-03-22T16:00:00.000Z,15.3,19.71,30.0
2024-04-25T21:00:00.000Z,26.3,36.41,60.0
2024-07-20T18:00:00.000Z,32.45,40.715,60.0
2023-03-26T10:00:00.000Z,10.5,25.35,60.0
2024-01-18T10:00:00.000Z,16.7,29.689999999999998,60.0
2024-05-06T18:00:00.000Z,15.9,29.13,60.0
2023-01-19T16:00:00.000Z,6.8,40.76,120.0
2023-01-25T10:00:00.000Z,27.0,27.9,30.0
2023-12-15T05:00:00.000Z,16.0,65.2,180.0
2024-04-10T06:00:00.000Z,10.1,34.07,90.0
2023-02-18T21:00:00.000Z,6.3,31.41,90.0
2023-08-18T11:00:00.000Z,14.9,28.43,60.0
2023-12-06T09:00:00.000Z,30.4,30.279999999999998,30.0
2024-01-24T04:00:00.000Z,28.0,46.599999999999994,90.0
2024-06-13T02:00:00.000Z,10.9,34.63,90.0
2024-08-16T06:00:00.000Z,38.3,80.81,180.0
2024-08-25T19:00:00.000Z,5.0,12.5,30.0
2023-01-10T08:00:00.000Z,21.3,50.91,120.0
2023-02-14T18:00:00.000Z,11.5,62.05,180.0
2023-04-06T13:00:00.000Z,5.6,30.919999999999998,90.0
2023-05-09T21:00:00.000Z,16.7,38.69,90.0
2024-03-01T09:00:00.000Z,5.0,39.5,120.0
2024-04-03T22:00:00.000Z,19.4,31.58,60.0
2024-04-19T07:00:00.000Z,5.0,75.5,240.0
2024-05-22T09:00:00.000Z,20.4,50.28,120.0
2024-08-02T20:00:00.000Z,9.5,15.649999999999999,30.0
2023-01-21T17:00:00.000Z,6.8,22.759999999999998,60.0
2023-04-19T22:00:00.000Z,5.0,21.5,60.0
2023-07-03T11:00:00.000Z,11.9,26.33,60.0
2023-07-09T00:00:00.000Z,26.1,36.269999999999996,60.0
2023-10-02T03:00:00.000Z,11.7,35.19,90.0
2023-10-26T15:00:00.000Z,5.0,21.5,60.0
2024-02-16T05:00:00.000Z,11.8,26.259999999999998,60.0
2024-06-12T00:00:00.000Z,5.9,31.13,90.0
2024-08-27T02:00:00.000Z,9.7,60.79,180.0
2023-02-08T07:00:00.000Z,8.5,14.95,30.0
2023-08-16T08:00:00.000Z,10.6,34.42,90.0
2023-12-30T19:00:00.000Z,16.6,29.62,60.0
2024-01-31T12:00:00.000Z,20.7,32.489999999999995,60.0
2024-04-24T20:00:00.000Z,5.0,57.5,180.0
2023-01-15T03:00:00.000Z,39.9,63.92999999999999,120.0
2023-05-12T00:00:00.000Z,16.8,20.759999999999998,30.0
2023-12-23T13:00:00.000Z,9.5,24.65,60.0
2023-12-31T04:00:00.000Z,8.5,14.95,30.0
2024-03-05T23:00:00.000Z,16.5,20.549999999999997,30.0
2023-03-16T11:00:00.000Z,21.2,32.839999999999996,60.0
2023-08-20T07:00:00.000Z,19.4,31.58,60.0
2023-12-02T22:00:00.000Z,11.6,26.119999999999997,60.0
2023-12-10T06:00:00.000Z,40.3,55.209999999999994,90.0
2023-12-29T17:00:00.000Z,20.9,41.629999999999995,90.0
2024-05-03T06:00:00.000Z,20.9,32.629999999999995,60.0
2023-01-01T16:00:00.000Z,20.9,41.629999999999995,90.0
2023-04-15T01:00:00.000Z,24.6,35.22,60.0
2023-04-05T19:00:00.000Z,29.1,47.370000000000005,90.0
2023-05-12T14:00:00.000Z,8.7,24.09,60.0
2023-06-29T14:00:00.000Z,18.9,31.229999999999997,60.0
2024-01-09T19:00:00.000Z,23.1,52.17,120.0
2024-01-19T23:00:00.000Z,19.6,22.72,30.0
2024-03-30T02:00:00.000Z,14.4,19.08,30.0
2024-05-05T08:00:00.000Z,19.8,40.86,90.0
2024-06-01T18:00:00.000Z,5.0,12.5,30.0
2023-02-12T02:00:00.000Z,10.6,25.419999999999998,60.0
2023-02-28T04:00:00.000Z,16.5,20.549999999999997,30.0
2023-03-05T08:00:00.000Z,21.5,33.05,60.0
2023-03-05T21:00:00.000Z,16.5,38.55,90.0
2023-03-25T23:00:00.000Z,21.0,41.7,90.0
2023-03-26T14:00:00.000Z,10.7,61.49,180.0
2023-08-09T20:00:00.000Z,28.5,37.95,60.0
2023-10-06T22:00:00.000Z,41.5,56.05,90.0
2024-04-06T11:00:00.000Z,16.8,29.759999999999998,60.0
2024-05-20T07:00:00.000Z,38.4,35.879999999999995,30.0
2023-03-25T07:00:00.000Z,8.5,77.95,240.0
2023-03-27T22:00:00.000Z,5.0,57.5,180.0
2023-06-02T19:00:00.000Z,29.5,29.65,30.0
2023-06-16T15:00:00.000Z,9.2,24.439999999999998,60.0
2023-07-18T02:00:00.000Z,30.1,48.07,90.0
2023-08-23T06:00:00.000Z,5.5,75.85,240.0
2023-09-25T10:00:00.000Z,9.4,15.58,30.0
2024-04-15T08:00:00.000Z,8.5,32.95,90.0
2024-08-16T18:00:00.000Z,9.6,78.72,240.0
2023-01-10T04:00:00.000Z,40.6,64.42,120.0
2023-01-18T22:00:00.000Z,8.6,42.019999999999996,120.0
2023-01-28T11:00:00.000Z,23.6,43.519999999999996,90.0
2023-09-08T18:00:00.000Z,10.1,25.07,60.0
2023-10-17T00:00:00.000Z,10.7,61.49,180.0
2023-11-14T04:00:00.000Z,21.4,68.98,180.0
2024-03-07T17:00:00.000Z,27.0,54.9,120.0
2024-03-19T21:00:00.000Z,21.4,32.98,60.0
2024-06-01T00:00:00.000Z,11.5,26.049999999999997,60.0
2024-07-15T21:00:00.000Z,19.7,22.79,30.0
2024-08-07T00:00:00.000Z,5.0,57.5,180.0
2023-02-10T05:00:00.000Z,13.450000000000001,31.915,75.0
2023-03-20T19:00:00.000Z,5.0,21.5,60.0
2023-04-01T13:00:00.000Z,14.6,28.22,60.0
2023-10-05T04:00:00.000Z,19.5,40.65,90.0
2023-10-13T09:00:00.000Z,5.0,30.5,90.0
2023-11-04T22:00:00.000Z,40.1,37.07,30.0
2024-02-16T08:00:00.000Z,8.5,14.95,30.0
2023-02-11T16:00:00.000Z,13.0,36.1,90.0
2023-05-25T13:00:00.000Z,26.7,36.69,60.0
2023-06-12T07:00:00.000Z,20.1,68.07,180.0
2023-09-01T22:00:00.000Z,5.0,30.5,90.0
2023-10-04T06:00:00.000Z,8.9,33.23,90.0
2024-01-05T16:00:00.000Z,18.2,21.74,30.0
2024-01-31T07:00:00.000Z,5.4,39.78,120.0
2024-04-19T12:00:00.000Z,8.4,32.88,90.0
2024-05-12T19:00:00.000Z,24.9,26.429999999999996,30.0
2024-05-28T02:00:00.000Z,5.0,39.5,120.0
2023-05-08T11:00:00.000Z,13.9,63.730000000000004,180.0
2023-10-19T12:00:00.000Z,8.1,32.67,90.0
2024-01-18T18:00:00.000Z,13.766666666666666,30.636666666666667,70.0
2023-03-10T10:00:00.000Z,14.0,45.8,120.0
2023-03-19T21:00:00.000Z,21.5,51.05,120.0
2023-04-27T21:00:00.000Z,11.7,35.19,90.0
2023-08-04T07:00:00.000Z,80.6,92.41999999999999,120.0
2023-09-08T01:00:00.000Z,30.7,75.49,180.0
2023-12-09T08:00:00.000Z,11.7,17.189999999999998,30.0
2024-02-25T13:00:00.000Z,29.1,38.370000000000005,60.0
2024-03-30T12:00:00.000Z,7.0,13.899999999999999,30.0
2024-04-15T07:00:00.000Z,5.0,57.5,180.0
2024-06-10T03:00:00.000Z,5.0,75.5,240.0
2024-06-14T12:00:00.000Z,5.0,39.5,120.0
2023-01-27T21:00:00.000Z,11.6,26.119999999999997,60.0
2023-02-10T10:00:00.000Z,5.0,12.5,30.0
2023-09-04T02:00:00.000Z,10.1,25.07,60.0
2023-11-18T21:00:00.000Z,10.8,30.060000000000002,75.0
2024-03-08T06:00:00.000Z,11.8,26.259999999999998,60.0
2024-08-04T06:00:00.000Z,26.7,72.69,180.0
2024-01-08T12:00:00.000Z,6.0,22.2,60.0
2024-02-14T19:00:00.000Z,20.1,23.07,30.0
2024-03-10T06:00:00.000Z,31.6,76.12,180.0
2024-05-02T22:00:00.000Z,25.6,53.92,120.0
2023-02-21T06:00:00.000Z,5.0,21.5,60.0
2023-05-11T21:00:00.000Z,6.9,58.83,180.0
2023-09-06T02:00:00.000Z,15.8,20.060000000000002,30.0
2023-10-24T04:00:00.000Z,5.3,12.709999999999999,30.0
2024-02-02T20:00:00.000Z,21.2,32.839999999999996,60.0
2024-02-28T06:00:00.000Z,48.6,43.019999999999996,30.0
2024-02-29T18:00:00.000Z,40.3,46.209999999999994,60.0
2024-04-03T05:00:00.000Z,10.8,16.56,30.0
2024-04-15T18:00:00.000Z,8.3,14.81,30.0
2024-04-19T20:00:00.000Z,5.0,21.5,60.0
2024-08-10T19:00:00.000Z,25.0,35.5,60.0
2024-08-23T18:00:00.000Z,8.8,78.16,240.0
2023-02-03T23:00:00.000Z,5.0,26.0,75.0
2023-06-23T09:00:00.000Z,6.4,76.48,240.0
2023-11-30T19:00:00.000Z,19.5,49.65,120.0
2023-12-03T14:00:00.000Z,16.5,20.549999999999997,30.0
2024-01-13T01:00:00.000Z,9.2,78.44,240.0
2024-06-07T08:00:00.000Z,78.7,73.09,60.0
2024-08-17T23:00:00.000Z,21.9,33.33,60.0
2023-01-14T09:00:00.000Z,5.0,21.5,60.0
2023-02-04T21:00:00.000Z,9.8,33.86,90.0
2023-05-12T08:00:00.000Z,8.1,32.67,90.0
2023-06-04T08:00:00.000Z,11.8,44.26,120.0
2023-07-27T11:00:00.000Z,14.2,36.94,90.0
2023-11-25T14:00:00.000Z,14.0,18.799999999999997,30.0
2024-02-25T20:00:00.000Z,26.1,36.269999999999996,60.0
2024-04-23T20:00:00.000Z,8.3,14.81,30.0
2024-04-28T17:00:00.000Z,16.6,83.62,240.0
2024-07-23T07:00:00.000Z,5.0,30.5,90.0
2023-09-02T02:00:00.000Z,28.2,37.739999999999995,60.0
2023-10-26T19:00:00.000Z,5.8,22.06,60.0
2023-11-09T03:00:00.000Z,5.0,75.5,240.0
2023-11-14T14:00:00.000Z,10.3,34.21,90.0
2024-01-19T09:00:00.000Z,16.6,20.62,30.0
2024-05-17T23:00:00.000Z,19.0,49.3,120.0
2024-06-30T02:00:00.000Z,11.0,34.7,90.0
2023-02-16T01:00:00.000Z,14.3,46.01,120.0
2023-04-03T05:00:00.000Z,14.0,36.8,90.0
2023-04-04T06:00:00.000Z,10.7,25.49,60.0
2023-03-21T04:00:00.000Z,7.0,13.899999999999999,30.0
2023-04-08T16:00:00.000Z,9.0,15.3,30.0
2023-05-02T15:00:00.000Z,5.0,57.5,180.0
2023-12-06T00:00:00.000Z,10.0,25.0,60.0
2024-01-06T12:00:00.000Z,9.7,15.79,30.0
2024-01-31T08:00:00.000Z,13.5,45.45,120.0
2024-02-13T22:00:00.000Z,13.2,18.24,30.0
2024-08-09T10:00:00.000Z,5.7,12.99,30.0
2023-01-01T17:00:00.000Z,30.0,48.0,90.0
2023-02-10T08:00:00.000Z,25.4,71.78,180.0
2023-03-24T13:00:00.000Z,26.9,63.83,150.0
2023-06-11T21:00:00.000Z,5.0,21.5,60.0
2023-06-18T02:00:00.000Z,81.5,111.05,180.0
2023-08-05T22:00:00.000Z,14.3,19.009999999999998,30.0
2024-07-31T22:00:00.000Z,16.2,20.339999999999996,30.0
2024-08-19T00:00:00.000Z,14.2,36.94,90.0
2024-08-27T00:00:00.000Z,23.4,34.379999999999995,60.0
2023-01-25T21:00:00.000Z,49.1,43.37,30.0
2023-01-28T03:00:00.000Z,14.3,64.01,180.0
2023-02-13T20:00:00.000Z,25.9,36.129999999999995,60.0
2023-04-30T08:00:00.000Z,10.7,43.49,120.0
2023-11-13T23:00:00.000Z,28.4,37.879999999999995,60.0
2024-01-02T05:00:00.000Z,20.1,32.07,60.0
2024-01-23T05:00:00.000Z,13.6,63.519999999999996,180.0
2024-05-29T15:00:00.000Z,5.0,57.5,180.0
2024-06-09T15:00:00.000Z,13.4,18.38,30.0
2024-07-05T03:00:00.000Z,5.5,12.85,30.0
2024-07-06T06:00:00.000Z,10.8,25.56,60.0
2023-02-26T11:00:00.000Z,14.7,37.29,90.0
2023-04-11T23:00:00.000Z,41.9,38.33,30.0
2023-10-16T02:00:00.000Z,10.6,16.419999999999998,30.0
2023-10-22T11:00:00.000Z,20.5,32.35,60.0
2024-02-11T05:00:00.000Z,14.1,63.87,180.0
2024-02-24T18:00:00.000Z,25.1,89.57,240.0
2024-03-12T09:00:00.000Z,50.5,44.349999999999994,30.0
2024-06-20T10:00:00.000Z,39.3,45.51,60.0
2023-01-31T00:00:00.000Z,6.6,58.62,180.0
2023-02-24T22:00:00.000Z,50.2,53.14,60.0
2023-04-21T07:00:00.000Z,12.05,48.935,135.0
2023-08-10T03:00:00.000Z,20.4,32.28,60.0
2023-09-13T01:00:00.000Z,10.6,16.419999999999998,30.0
2023-09-28T03:00:00.000Z,14.7,37.29,90.0
2023-10-06T23:00:00.000Z,14.7,19.29,30.0
2023-10-08T21:00:00.000Z,9.1,24.369999999999997,60.0
2023-10-21T00:00:00.000Z,16.1,47.269999999999996,120.0
2023-12-17T19:00:00.000Z,12.0,26.4,60.0
2023-12-27T05:00:00.000Z,5.3,75.71,240.0
2024-01-04T17:00:00.000Z,15.4,33.28,75.0
2024-05-31T13:00:00.000Z,6.4,13.48,30.0
2024-06-08T11:00:00.000Z,31.4,39.98,60.0
2023-01-17T18:00:00.000Z,10.7,16.49,30.0
2023-06-12T03:00:00.000Z,6.2,76.34,240.0
2023-09-22T00:00:00.000Z,16.85,34.295,75.0
2023-09-24T00:00:00.000Z,11.3,16.91,30.0
2023-10-07T06:00:00.000Z,14.3,28.009999999999998,60.0
2023-10-18T20:00:00.000Z,9.9,33.93,90.0
2023-12-05T17:00:00.000Z,10.5,79.35,240.0
2024-02-04T04:00:00.000Z,10.7,47.99,135.0
2024-02-29T09:00:00.000Z,78.4,72.88,60.0
2024-03-14T03:00:00.000Z,13.1,45.17,120.0
2024-07-01T14:00:00.000Z,13.9,36.730000000000004,90.0
2024-08-06T16:00:00.000Z,10.5,16.35,30.0
2023-01-27T14:00:00.000Z,78.6,64.02,30.0
2023-02-22T19:00:00.000Z,11.0,16.7,30.0
2023-04-13T15:00:00.000Z,48.3,60.809999999999995,90.0
2023-07-26T05:00:00.000Z,60.6,69.42,90.0
2023-11-08T20:00:00.000Z,11.8,17.259999999999998,30.0
2023-11-21T04:00:00.000Z,8.1,23.669999999999998,60.0
2024-05-06T16:00:00.000Z,41.2,100.84,240.0
2023-02-17T03:00:00.000Z,20.5,50.35,120.0
2023-07-28T03:00:00.000Z,8.0,59.6,180.0
2023-11-19T22:00:00.000Z,26.3,36.41,60.0
2024-02-08T13:00:00.000Z,6.3,13.41,30.0
2024-08-13T01:00:00.000Z,9.0,24.3,60.0
2023-02-10T13:00:00.000Z,18.1,48.67,120.0
2023-04-29T05:00:00.000Z,5.0,21.5,60.0
2023-09-30T16:00:00.000Z,26.8,54.76,120.0
2023-10-07T09:00:00.000Z,41.5,101.05,240.0
2023-12-24T07:00:00.000Z,40.1,46.07,60.0
2024-01-17T17:00:00.000Z,23.9,52.73,120.0
2024-01-22T06:00:00.000Z,21.4,68.98,180.0
2024-06-15T14:00:00.000Z,5.0,21.5,60.0
2024-06-21T08:00:00.000Z,10.3,34.21,90.0
2024-07-13T14:00:00.000Z,5.0,12.5,30.0
2023-04-04T05:00:00.000Z,10.15,16.105,30.0
2023-04-21T08:00:00.000Z,10.6,25.419999999999998,60.0
2023-05-21T21:00:00.000Z,30.1,39.07,60.0
2023-07-25T04:00:00.000Z,5.0,12.5,30.0
2023-08-22T04:00:00.000Z,8.3,23.810000000000002,60.0
2023-08-22T10:00:00.000Z,11.9,17.33,30.0
2023-09-25T17:00:00.000Z,24.95,44.464999999999996,90.0
2024-05-19T04:00:00.000Z,14.1,36.87,90.0
2024-06-01T01:00:00.000Z,8.2,23.74,60.0
2024-08-09T13:00:00.000Z,19.1,31.37,60.0
2023-03-25T16:00:00.000Z,25.7,35.989999999999995,60.0
2023-10-08T22:00:00.000Z,29.8,38.86,60.0
2024-01-27T16:00:00.000Z,18.9,40.23,90.0
2024-06-05T19:00:00.000Z,24.7,26.29,30.0
2024-06-20T01:00:00.000Z,16.3,29.41,60.0
2024-08-16T02:00:00.000Z,9.9,24.93,60.0
2023-01-18T12:00:00.000Z,14.9,28.43,60.0
2023-03-11T20:00:00.000Z,20.3,41.21,90.0
2023-03-02T19:00:00.000Z,23.9,25.729999999999997,30.0
2023-04-15T19:00:00.000Z,11.1,25.77,60.0
2023-08-21T22:00:00.000Z,11.6,17.119999999999997,30.0
2023-08-25T18:00:00.000Z,24.3,26.009999999999998,30.0
2023-09-24T07:00:00.000Z,21.2,32.839999999999996,60.0
2024-07-30T09:00:00.000Z,11.0,25.7,60.0
2023-03-22T08:00:00.000Z,26.2,45.34,90.0
2023-04-27T19:00:00.000Z,18.4,84.88,240.0
2023-11-02T18:00:00.000Z,14.6,19.22,30.0
2023-12-12T20:00:00.000Z,10.1,16.07,30.0
2024-03-28T11:00:00.000Z,19.9,22.93,30.0
2024-04-13T01:00:00.000Z,5.0,12.5,30.0
2024-06-28T15:00:00.000Z,5.1,12.57,30.0
2023-01-13T19:00:00.000Z,24.7,26.29,30.0
2023-03-29T17:00:00.000Z,10.2,25.14,60.0
2023-05-02T23:00:00.000Z,5.9,13.129999999999999,30.0
2023-05-27T10:00:00.000Z,31.1,48.769999999999996,90.0
2023-06-10T17:00:00.000Z,5.0,57.5,180.0
2023-07-11T13:00:00.000Z,5.0,75.5,240.0
2023-09-02T19:00:00.000Z,16.5,38.55,90.0
2023-09-17T03:00:00.000Z,15.55,28.884999999999998,60.0
2024-03-29T11:00:00.000Z,26.9,36.83,60.0
2024-05-19T09:00:00.000Z,5.0,39.5,120.0
2024-02-11T07:00:00.000Z,18.9,22.229999999999997,30.0
2024-08-06T10:00:00.000Z,15.9,38.129999999999995,90.0
2023-01-16T07:00:00.000Z,5.0,21.5,60.0
2023-02-26T18:00:00.000Z,15.9,38.129999999999995,90.0
2023-05-13T02:00:00.000Z,30.6,39.42,60.0
2023-07-16T04:00:00.000Z,17.0,38.9,90.0
2023-08-02T02:00:00.000Z,9.0,42.3,120.0
2023-08-30T18:00:00.000Z,10.1,25.07,60.0
2023-09-11T20:00:00.000Z,15.0,28.5,60.0
2023-10-13T21:00:00.000Z,25.7,53.989999999999995,120.0
2024-08-10T16:00:00.000Z,15.0,28.5,60.0
